CustomerID,Age,Gender,Tenure,MonthlyCharges,TotalCharges,ContractType,InternetService,TechSupport,PaymentMethod,MonthlyUsageGB,NumComplaints
-1.7303196219213355,-1.0755343588328432,-0.9841418533760657,-1.2813760956941076,-0.9155208278241362,-1.215245087940693,0.052963417190159075,1.0080322575483707,0.9960079680956174,0.44775439373891035,0.29739452502864955,-1.4275895765912718
-1.7268555185741457,0.15145671006737021,-0.9841418533760657,1.0094937166845699,0.32709669125613056,1.1039090687032738,0.052963417190159075,-0.9920317455237934,0.9960079680956174,1.337922174531973,-1.5949837546445977,-1.4275895765912718
-1.7233914152269558,-1.6123429514766867,1.0080481332151605,1.6918804693080058,-1.782576045997561,-0.0036172140158041597,0.052963417190159075,-0.9920317455237934,0.9960079680956174,-0.4424133870541522,0.3297428716897307,0.9088909088281585
-1.719927311879766,-0.6154127079952633,-0.9841418533760657,0.4733326967661561,-1.0010361874202949,-0.11944604816215197,0.052963417190159075,-0.9920317455237934,-1.0040080320963853,0.44775439373891035,-0.9480168214229747,1.493011030183016
-1.7164632085325762,-0.30866494077020984,-0.9841418533760657,-0.9401827193823897,0.8053655838428956,-0.6653612807499352,1.2846707937054853,-0.9920317455237934,-1.0040080320963853,1.337922174531973,0.7179230316227045,0.32477078747330085
-1.7129991051853863,0.764952244517477,1.0080481332151605,0.7657841621762,0.26185816950236035,0.8317362432865575,1.2846707937054853,1.0080322575483707,-1.0040080320963853,-1.3325811678472146,-0.20400484821810827,0.9088909088281585
-1.7095350018381965,1.6851955461926371,1.0080481332151605,0.619558429471178,-1.5101611375933024,-0.31839447260413867,-1.1787439593251672,1.0080322575483707,-1.0040080320963853,-0.4424133870541522,1.3163674448527058,-1.4275895765912718
-1.7060708984910065,0.6115783609049503,-0.9841418533760657,-1.4276018283991296,-0.7272988765480543,-1.2969315818519245,1.2846707937054853,-0.9920317455237934,0.9960079680956174,-1.3325811678472146,-1.65968044796676,-0.8434694552364144
-1.7026067951438166,0.9183261281300037,-0.9841418533760657,1.7406223802096799,-0.9966281791936888,0.6823110103848677,0.052963417190159075,1.0080322575483707,0.9960079680956174,-0.4424133870541522,1.5266316981497332,1.493011030183016
-1.6991426917966268,0.764952244517477,-0.9841418533760657,-0.8914408084807157,0.013687306344435027,-0.7734314465587212,-1.1787439593251672,1.0080322575483707,-1.0040080320963853,-1.3325811678472146,0.3782653916813524,0.32477078747330085
-1.695678588449437,0.6882653027112137,-0.9841418533760657,0.5220746076678301,-0.35394057975451537,0.26573141413054086,0.052963417190159075,-0.9920317455237934,0.9960079680956174,-1.3325811678472146,0.5561812983172988,0.9088909088281585
-1.6922144851022471,-0.8454735334140533,-0.9841418533760657,-1.1351503629890858,1.0006403482815467,-0.846277888047453,-1.1787439593251672,-0.9920317455237934,0.9960079680956174,0.44775439373891035,0.15182696505378437,-1.4275895765912718
-1.6887503817550573,-0.3853518825764732,1.0080481332151605,-0.16031214495560583,-0.8679143389767898,-0.4677304650716347,0.052963417190159075,1.0080322575483707,0.9960079680956174,-1.3325811678472146,-1.0612360347367586,-0.25934933388155673
-1.6852862784078675,0.8416391863237404,-0.9841418533760657,-0.6477312539723458,0.5003314145617516,-0.43204479026869463,0.052963417190159075,1.0080322575483707,-1.0040080320963853,-0.4424133870541522,-1.239151941372705,-1.4275895765912718
-1.6818221750606774,-0.2319779989639465,-0.9841418533760657,0.717042251274526,-0.6043154470257437,0.2702459302132899,-1.1787439593251672,1.0080322575483707,0.9960079680956174,-0.4424133870541522,1.6721992581245984,-1.4275895765912718
-1.6783580717134876,-0.6154127079952633,1.0080481332151605,-1.5738275611041517,-0.4138894916363587,-1.3875946135555988,0.052963417190159075,1.0080322575483707,0.9960079680956174,-0.4424133870541522,-0.786275088117569,0.9088909088281585
-1.6748939683662978,1.455134720773847,-0.9841418533760657,-1.5250856502024777,-0.4227055080895711,-1.3503288581236963,1.2846707937054853,1.0080322575483707,0.9960079680956174,1.337922174531973,-1.1906294213810833,-0.8434694552364144
-1.671429865019108,-1.45896906786416,-0.9841418533760657,0.2296231422577861,-1.5657020412485398,-0.5418945153240525,1.2846707937054853,-0.9920317455237934,-1.0040080320963853,1.337922174531973,-1.1744552480505428,-1.4275895765912718
-1.6679657616719181,0.995013069936267,-0.9841418533760657,-1.4763437393008036,0.2675885801969481,-1.271645042351224,-1.1787439593251672,-0.9920317455237934,-1.0040080320963853,-1.3325811678472146,-0.28487571487081115,-1.4275895765912718
-1.6645016583247283,-0.6920996498015266,-0.9841418533760657,1.0094937166845699,0.2702333851329119,1.065987133608181,0.052963417190159075,1.0080322575483707,0.9960079680956174,1.337922174531973,0.814968071605948,0.32477078747330085
-1.6610375549775385,-0.30866494077020984,1.0080481332151605,-1.5738275611041517,-1.2615494736127169,-1.4178786173711564,0.052963417190159075,1.0080322575483707,0.9960079680956174,1.337922174531973,1.073754844894597,-1.4275895765912718
-1.6575734516303484,0.15145671006737021,-0.9841418533760657,1.7406223802096799,-0.602552243735101,1.015513793915585,1.2846707937054853,-0.9920317455237934,0.9960079680956174,0.44775439373891035,-1.3685453280170297,-0.8434694552364144
-1.6541093482831586,-0.9221604752203166,-0.9841418533760657,-0.6477312539723458,1.3973610886760979,-0.19702748210046483,1.2846707937054853,1.0080322575483707,-1.0040080320963853,1.337922174531973,-0.3010498882013517,-1.4275895765912718
-1.6506452449359688,-0.30866494077020984,-0.9841418533760657,-0.20905405585727982,1.2435216015675443,0.2794796904337036,-1.1787439593251672,-0.9920317455237934,-1.0040080320963853,0.44775439373891035,-0.02608894158216194,-1.4275895765912718
-1.647181141588779,0.15145671006737021,-0.9841418533760657,-0.7939569866773677,1.1064325457200939,-0.440622370825918,-1.1787439593251672,-0.9920317455237934,0.9960079680956174,1.337922174531973,-0.20400484821810827,-0.25934933388155673
-1.643717038241589,1.0717000117425304,-0.9841418533760657,1.6431385584063318,1.4471715816367476,2.628917850893228,-1.1787439593251672,-0.9920317455237934,-1.0040080320963853,0.44775439373891035,0.8311422449364885,1.493011030183016
-1.6402529348943993,-1.68902989328295,1.0080481332151605,-1.1351503629890858,-0.35702618551314,-1.0402970908595541,-1.1787439593251672,-0.9920317455237934,-1.0040080320963853,-1.3325811678472146,-1.239151941372705,0.32477078747330085
-1.6367888315472092,-0.9221604752203166,-0.9841418533760657,-0.20905405585727982,-1.2544966604501473,-0.6427257070885234,0.052963417190159075,1.0080322575483707,-1.0040080320963853,-0.4424133870541522,-0.41426910151513574,-1.4275895765912718
-1.6333247282000194,-0.6920996498015266,-0.9841418533760657,0.2783650531594601,-1.6754614460910322,-0.5715170900391144,1.2846707937054853,1.0080322575483707,-1.0040080320963853,-0.4424133870541522,-0.41426910151513574,0.32477078747330085
-1.6298606248528296,-1.3822821260578966,1.0080481332151605,-1.2813760956941076,1.4057363043066495,-0.9664532562827731,0.052963417190159075,-0.9920317455237934,-1.0040080320963853,1.337922174531973,-0.6407075281427038,-0.8434694552364144
-1.6263965215056397,0.9183261281300037,1.0080481332151605,-0.4040216994639758,-0.7312660839519999,-0.5851866247826943,0.052963417190159075,-0.9920317455237934,-1.0040080320963853,0.44775439373891035,0.9767098049113537,0.9088909088281585
-1.62293241815845,1.455134720773847,-0.9841418533760657,0.42459078586448207,1.5022716844693242,1.1615688880671293,-1.1787439593251672,1.0080322575483707,0.9960079680956174,1.337922174531973,1.5589800448108144,0.9088909088281585
-1.61946831481126,-0.2319779989639465,1.0080481332151605,-0.16031214495560583,-0.6360531062573077,-0.3793719363450847,-1.1787439593251672,-0.9920317455237934,0.9960079680956174,-1.3325811678472146,-0.05843728824324309,-1.4275895765912718
-1.6160042114640703,-0.3853518825764732,1.0080481332151605,1.7406223802096799,1.2439624023902052,2.5767961878866976,1.2846707937054853,-0.9920317455237934,-1.0040080320963853,1.337922174531973,0.3297428716897307,0.32477078747330085
-1.6125401081168802,-0.99884741702658,1.0080481332151605,-1.0864084520874118,-0.04714320718272931,-0.9539595954956303,1.2846707937054853,-0.9920317455237934,0.9960079680956174,-1.3325811678472146,-1.125932728058921,-0.25934933388155673
-1.6090760047696904,-0.2319779989639465,-0.9841418533760657,-1.0376665411857378,0.6863493617245301,-0.7896154617716461,-1.1787439593251672,-0.9920317455237934,0.9960079680956174,0.44775439373891035,1.5104575248191927,-0.25934933388155673
-1.6056119014225005,1.3017608371613203,3.0002381198063865,1.7406223802096799,1.149631026340834,2.497036237466593,-1.1787439593251672,1.0080322575483707,-1.0040080320963853,-1.3325811678472146,-1.5141128879918948,1.493011030183016
-1.6021477980753107,1.5318216625801104,-0.9841418533760657,-0.16031214495560583,-0.9243368442773483,-0.4892321602750537,0.052963417190159075,1.0080322575483707,-1.0040080320963853,-0.4424133870541522,-1.6758546212973007,0.32477078747330085
-1.5986836947281209,-0.07860411535141981,-0.9841418533760657,-0.6477312539723458,-0.905382408902942,-0.8003348127495226,1.2846707937054853,-0.9920317455237934,0.9960079680956174,1.337922174531973,0.6855746849616233,-0.8434694552364144
-1.595219591380931,1.1483869535487936,-0.9841418533760657,-0.8914408084807157,-1.3267879953664876,-1.0448116069423032,0.052963417190159075,1.0080322575483707,0.9960079680956174,0.44775439373891035,-0.7539267414564877,0.32477078747330085
-1.5917554880337412,-1.68902989328295,-0.9841418533760657,-0.5989893430706718,0.04939217297994475,-0.5069857572423299,1.2846707937054853,-0.9920317455237934,0.9960079680956174,1.337922174531973,0.3297428716897307,1.493011030183016
-1.5882913846865512,0.6115783609049503,-0.9841418533760657,-0.3065378776606278,0.6986917847590273,-0.02352832971565009,1.2846707937054853,-0.9920317455237934,0.9960079680956174,0.44775439373891035,1.4457608314970303,0.9088909088281585
-1.5848272813393613,1.455134720773847,1.0080481332151605,0.619558429471178,-1.2527334571595048,-0.17124224605573976,0.052963417190159075,1.0080322575483707,-1.0040080320963853,1.337922174531973,-1.0288876880756777,1.493011030183016
-1.5813631779921715,1.6851955461926371,-0.9841418533760657,1.204461360291266,0.28169420652208743,1.2575076042628537,-1.1787439593251672,-0.9920317455237934,-1.0040080320963853,-0.4424133870541522,-0.8186234347786501,0.9088909088281585
-1.5778990746449817,-1.45896906786416,-0.9841418533760657,1.399429003897962,0.5884915790938742,1.6752158295378679,0.052963417190159075,-0.9920317455237934,0.9960079680956174,0.44775439373891035,1.6236767381329766,-0.25934933388155673
-1.5744349712977919,1.3784477789675837,1.0080481332151605,-1.0864084520874118,-0.8718815463807355,-1.0816416590778473,1.2846707937054853,-0.9920317455237934,-1.0040080320963853,-1.3325811678472146,-0.13930815489594597,0.32477078747330085
-1.570970867950602,0.22814365187363356,-0.9841418533760657,-0.6477312539723458,1.394275482917474,-0.19783589544551525,-1.1787439593251672,-0.9920317455237934,-1.0040080320963853,-0.4424133870541522,-1.2229777680421645,1.493011030183016
-1.5675067646034122,-0.30866494077020984,1.0080481332151605,0.03465549865109014,-0.9397648730704699,-0.36941900321381455,-1.1787439593251672,1.0080322575483707,0.9960079680956174,0.44775439373891035,0.8796647649281103,0.9088909088281585
-1.5640426612562222,-0.5387257661889999,1.0080481332151605,-0.06282832315225785,-1.0865515470164537,-0.4916993958086492,0.052963417190159075,1.0080322575483707,-1.0040080320963853,-0.4424133870541522,1.5589800448108144,-0.8434694552364144
-1.5605785579090323,0.9183261281300037,1.0080481332151605,0.5220746076678301,-0.08461127710888112,0.4132720990395483,1.2846707937054853,1.0080322575483707,0.9960079680956174,1.337922174531973,1.6398509114635174,-1.4275895765912718
-1.5571144545618425,-1.6123429514766867,-0.9841418533760657,-0.9401827193823897,0.19221163952198364,-0.7821927574216376,1.2846707937054853,-0.9920317455237934,0.9960079680956174,1.337922174531973,0.6532263383005422,-0.25934933388155673
-1.5536503512146527,0.38151753548616024,-0.9841418533760657,1.448170914799636,0.573063550300753,1.712896290516906,-1.1787439593251672,-0.9920317455237934,-1.0040080320963853,-0.4424133870541522,-0.26870154154027054,-0.25934933388155673
-1.5501862478674628,0.9183261281300037,-0.9841418533760657,0.8145260730778741,-0.6184210733508829,0.3323467735376179,-1.1787439593251672,1.0080322575483707,-1.0040080320963853,-1.3325811678472146,0.5885296449783799,-1.4275895765912718
-1.546722144520273,-0.3853518825764732,-0.9841418533760657,1.49691282570131,-1.1138811980214118,0.43642211755690125,1.2846707937054853,1.0080322575483707,0.9960079680956174,-0.4424133870541522,0.8473164182670291,1.493011030183016
-1.5432580411730832,0.8416391863237404,-0.9841418533760657,-0.45276361036564977,-0.5478929417251852,-0.562314826442534,1.2846707937054853,1.0080322575483707,-1.0040080320963853,1.337922174531973,0.8634905915975697,0.9088909088281585
-1.5397939378258931,1.6851955461926371,-0.9841418533760657,-1.2813760956941076,-0.07755846394631148,-1.1254324650805136,1.2846707937054853,-0.9920317455237934,-1.0040080320963853,-1.3325811678472146,0.9120131115891914,0.32477078747330085
-1.5363298344787033,-0.3853518825764732,1.0080481332151605,-0.5989893430706718,0.8913217442617152,-0.27637797641073886,0.052963417190159075,1.0080322575483707,-1.0040080320963853,1.337922174531973,-1.0935843813978399,0.32477078747330085
-1.5328657311315135,-0.4620388243827365,-0.9841418533760657,1.350687092996288,-1.217028590523995,0.2709861008733685,1.2846707937054853,-0.9920317455237934,-1.0040080320963853,0.44775439373891035,-0.25252736820973,-1.4275895765912718
-1.5294016277843236,1.5318216625801104,1.0080481332151605,1.058235627586244,-1.7455487768940696,-0.25650360677203166,1.2846707937054853,-0.9920317455237934,-1.0040080320963853,1.337922174531973,0.7826197249448668,-0.25934933388155673
-1.5259375244371338,-0.6920996498015266,-0.9841418533760657,1.5943966475046578,-1.0825843396125083,0.5204656088183119,-1.1787439593251672,-0.9920317455237934,-1.0040080320963853,-0.4424133870541522,0.394439565011893,0.9088909088281585
-1.522473421089944,-1.45896906786416,-0.9841418533760657,-0.6477312539723458,-0.7682933530554915,-0.7644181627051395,0.052963417190159075,-0.9920317455237934,-1.0040080320963853,-0.4424133870541522,-0.9965393414145964,0.32477078747330085
-1.5190093177427542,-0.4620388243827365,1.0080481332151605,0.3758488749628081,0.7097118053255426,0.6952088778445357,1.2846707937054853,-0.9920317455237934,-1.0040080320963853,1.337922174531973,0.07095609840108151,-0.8434694552364144
-1.515545214395564,-0.3853518825764732,-0.9841418533760657,-0.5015055212673238,-1.5595308297312913,-0.8995911733223366,1.2846707937054853,-0.9920317455237934,-1.0040080320963853,-0.4424133870541522,0.4591362583340553,-0.8434694552364144
-1.5120811110483743,-1.0755343588328432,-0.9841418533760657,-0.8426988975790417,1.3369713759715944,-0.4469951877148219,0.052963417190159075,-0.9920317455237934,0.9960079680956174,-1.3325811678472146,1.2516707515305434,1.493011030183016
-1.5086170077011845,-0.2319779989639465,-0.9841418533760657,-1.2813760956941076,-1.4400738067902652,-1.271466561482836,-1.1787439593251672,-0.9920317455237934,0.9960079680956174,0.44775439373891035,1.6398509114635174,0.9088909088281585
-1.5051529043539946,-1.6123429514766867,-0.9841418533760657,-0.3552797885623018,0.5942219897884619,-0.10929888585057757,0.052963417190159075,1.0080322575483707,0.9960079680956174,-1.3325811678472146,-1.320022808025408,-0.8434694552364144
-1.5016888010068048,0.22814365187363356,1.0080481332151605,-0.25779596675895383,-0.06962404913842078,-0.24708611624592478,-1.1787439593251672,-0.9920317455237934,-1.0040080320963853,-0.4424133870541522,0.5561812983172988,0.9088909088281585
-1.498224697659615,0.15145671006737021,-0.9841418533760657,-0.3552797885623018,-0.22214113377899244,-0.38151370676573776,1.2846707937054853,-0.9920317455237934,0.9960079680956174,0.44775439373891035,-1.5302870613224353,-1.4275895765912718
-1.4947605943124251,-1.68902989328295,-0.9841418533760657,1.301945182094614,-0.6880676033312603,0.6334230007585392,-1.1787439593251672,1.0080322575483707,0.9960079680956174,-1.3325811678472146,1.575154218141355,-1.4275895765912718
-1.491296490965235,-1.68902989328295,1.0080481332151605,0.717042251274526,-1.3034255517654751,-0.14603444811462207,1.2846707937054853,1.0080322575483707,-1.0040080320963853,-1.3325811678472146,-1.3847195013475702,0.32477078747330085
-1.4878323876180453,1.455134720773847,1.0080481332151605,0.18088123135611212,1.3801698565923342,0.8023341449383274,1.2846707937054853,-0.9920317455237934,0.9960079680956174,1.337922174531973,1.5104575248191927,-1.4275895765912718
-1.4843682842708554,0.38151753548616024,1.0080481332151605,-1.1351503629890858,-1.1447372556076545,-1.1528660244391726,1.2846707937054853,1.0080322575483707,0.9960079680956174,-0.4424133870541522,-0.10695980823486481,-0.25934933388155673
-1.4809041809236656,1.3784477789675837,1.0080481332151605,-0.014086412250583855,1.6040966745039251,0.6594654592312348,-1.1787439593251672,-0.9920317455237934,0.9960079680956174,1.337922174531973,0.054781925070540936,0.9088909088281585
-1.4774400775764758,1.6851955461926371,-0.9841418533760657,1.7893642911113539,0.43597449445330183,1.9414252941755106,1.2846707937054853,1.0080322575483707,0.9960079680956174,-0.4424133870541522,1.0252323249029753,-1.4275895765912718
-1.473975974229286,-0.3853518825764732,1.0080481332151605,-1.2326341847924336,-0.9278632508586331,-1.1850030796235795,-1.1787439593251672,-0.9920317455237934,-1.0040080320963853,0.44775439373891035,-1.4979387146613543,1.493011030183016
-1.470511870882096,-1.3055951842516333,-0.9841418533760657,1.49691282570131,-0.16086981942916728,1.1854748255564775,-1.1787439593251672,-0.9920317455237934,0.9960079680956174,-0.4424133870541522,1.041406498233516,-0.8434694552364144
-1.467047767534906,0.22814365187363356,1.0080481332151605,1.106977538487918,-1.7283575448103057,-0.2228022192705789,0.052963417190159075,1.0080322575483707,0.9960079680956174,1.337922174531973,-1.578809581314057,0.32477078747330085
-1.4635836641877162,-1.45896906786416,-0.9841418533760657,-0.06282832315225785,-0.7105484452869512,-0.33945521507389376,-1.1787439593251672,1.0080322575483707,0.9960079680956174,-0.4424133870541522,-0.705404221464866,0.9088909088281585
-1.4601195608405264,0.995013069936267,-0.9841418533760657,-0.4040216994639758,-0.6510403342277686,-0.5593908898633582,1.2846707937054853,1.0080322575483707,0.9960079680956174,-1.3325811678472146,0.9928839782418942,0.32477078747330085
-1.4566554574933366,0.8416391863237404,1.0080481332151605,1.7893642911113539,0.7216134275373789,2.1863430411019555,0.052963417190159075,-0.9920317455237934,0.9960079680956174,1.337922174531973,-0.10695980823486481,0.9088909088281585
-1.4531913541461468,-0.15529105715768315,1.0080481332151605,-1.0864084520874118,-0.3711318118382793,-1.004117968949895,-1.1787439593251672,1.0080322575483707,-1.0040080320963853,-0.4424133870541522,-0.478965794837298,-0.25934933388155673
-1.449727250798957,-0.0019171735451564745,1.0080481332151605,-0.014086412250583855,-0.6682315663115326,-0.28766426661761163,1.2846707937054853,-0.9920317455237934,0.9960079680956174,1.337922174531973,1.3001932715221651,-0.25934933388155673
-1.4462631474517669,-0.15529105715768315,-0.9841418533760657,-1.2813760956941076,-0.22170033295633162,-1.1408815590706656,0.052963417190159075,1.0080322575483707,0.9960079680956174,0.44775439373891035,-1.158281074720002,-1.4275895765912718
-1.442799044104577,0.8416391863237404,1.0080481332151605,1.350687092996288,0.21469248147767447,1.345146960078547,1.2846707937054853,1.0080322575483707,-1.0040080320963853,1.337922174531973,-0.042263114912702515,-0.25934933388155673
-1.4393349407573872,0.534891419098687,1.0080481332151605,0.42459078586448207,0.06129379519178111,0.40651082379003567,0.052963417190159075,-0.9920317455237934,0.9960079680956174,0.44775439373891035,-0.9480168214229747,0.32477078747330085
-1.4358708374101974,1.3017608371613203,1.0080481332151605,-1.3788599174974556,1.0473652354835716,-1.1150385792155797,-1.1787439593251672,1.0080322575483707,0.9960079680956174,0.44775439373891035,-1.4170678480086514,-0.8434694552364144
-1.4324067340630076,1.455134720773847,-0.9841418533760657,-0.5989893430706718,-0.01143834054721959,-0.5236474712500574,0.052963417190159075,1.0080322575483707,0.9960079680956174,-1.3325811678472146,0.7664455516143263,0.32477078747330085
-1.4289426307158177,-0.5387257661889999,1.0080481332151605,0.960751805782896,-0.22037793048834972,0.6988099918361237,0.052963417190159075,-0.9920317455237934,-1.0040080320963853,-0.4424133870541522,-0.8833201281008124,-1.4275895765912718
-1.425478527368628,0.9183261281300037,-0.9841418533760657,0.668300340372852,-0.0017407224486861632,0.5864510357487264,1.2846707937054853,1.0080322575483707,0.9960079680956174,1.337922174531973,0.18417531171486554,-1.4275895765912718
-1.4220144240214379,-0.76878659160779,1.0080481332151605,0.18088123135611212,0.6391836736998449,0.4581862846255964,0.052963417190159075,1.0080322575483707,-1.0040080320963853,-0.4424133870541522,0.5238329516562176,0.9088909088281585
-1.418550320674248,0.3048305936798969,-0.9841418533760657,0.2296231422577861,-0.2194963288430287,0.09937674591854169,1.2846707937054853,-0.9920317455237934,0.9960079680956174,1.337922174531973,0.9120131115891914,-1.4275895765912718
-1.4150862173270582,0.38151753548616024,1.0080481332151605,-1.4763437393008036,-0.5161552824936211,-1.3183125399973166,-1.1787439593251672,-0.9920317455237934,0.9960079680956174,-0.4424133870541522,-0.6083591814816226,0.32477078747330085
-1.4116221139798684,-0.3853518825764732,-0.9841418533760657,0.619558429471178,0.42715847800009005,0.7890268213688288,0.052963417190159075,1.0080322575483707,0.9960079680956174,-0.4424133870541522,-0.25252736820973,-0.8434694552364144
-1.4081580106326785,0.3048305936798969,-0.9841418533760657,-0.7939569866773677,-1.7512791875886575,-1.0872323098082282,0.052963417190159075,-0.9920317455237934,-1.0040080320963853,-0.4424133870541522,-0.6407075281427038,0.9088909088281585
-1.4046939072854887,-0.30866494077020984,-0.9841418533760657,0.912009894881222,0.6228740432614019,1.2010971509777117,-1.1787439593251672,1.0080322575483707,-1.0040080320963853,-0.4424133870541522,-1.3361969813559484,-1.4275895765912718
-1.4012298039382989,-1.0755343588328432,1.0080481332151605,-0.4040216994639758,1.59307665393741,0.16218101384180944,-1.1787439593251672,1.0080322575483707,0.9960079680956174,-0.4424133870541522,1.494283351488652,-1.4275895765912718
-1.3977657005911088,0.22814365187363356,1.0080481332151605,-0.5502474321689977,1.1271501843851426,-0.15574590712983816,1.2846707937054853,-0.9920317455237934,-1.0040080320963853,1.337922174531973,-1.5141128879918948,1.493011030183016
-1.394301597243919,-1.22890824244537,1.0080481332151605,1.7406223802096799,0.5796755626406618,2.015122144507737,0.052963417190159075,1.0080322575483707,0.9960079680956174,-0.4424133870541522,1.6236767381329766,1.493011030183016
-1.3908374938967292,-1.45896906786416,-0.9841418533760657,-0.3552797885623018,0.5713003470101102,-0.11694206656741789,-1.1787439593251672,1.0080322575483707,-1.0040080320963853,-0.4424133870541522,-0.09078563490432424,-1.4275895765912718
-1.3873733905495393,1.225073895355057,1.0080481332151605,1.301945182094614,-1.4418370100809075,0.07687765762707338,-1.1787439593251672,1.0080322575483707,-1.0040080320963853,1.337922174531973,0.3297428716897307,1.493011030183016
-1.3839092872023495,0.9183261281300037,-0.9841418533760657,-0.3552797885623018,0.9662578841140188,0.014755816553523607,-1.1787439593251672,-0.9920317455237934,-1.0040080320963853,1.337922174531973,-1.4817645413308136,0.9088909088281585
-1.3804451838551597,1.3784477789675837,1.0080481332151605,1.058235627586244,-0.7577141333116367,0.41404376632346,-1.1787439593251672,1.0080322575483707,-1.0040080320963853,-1.3325811678472146,-0.009914768251621365,-0.8434694552364144
-1.3769810805079699,-1.0755343588328432,1.0080481332151605,-0.11157023405393184,-1.1266644218785695,-0.5371385251252495,1.2846707937054853,-0.9920317455237934,-1.0040080320963853,1.337922174531973,-0.5598366614900009,0.32477078747330085
-1.3735169771607798,1.6851955461926371,-0.9841418533760657,0.2296231422577861,-0.873644749671378,-0.2122298525372572,1.2846707937054853,1.0080322575483707,0.9960079680956174,1.337922174531973,-0.9803651680840558,0.9088909088281585
-1.37005287381359,-0.8454735334140533,-0.9841418533760657,1.106977538487918,0.07055061246765433,1.019729092071919,1.2846707937054853,-0.9920317455237934,0.9960079680956174,1.337922174531973,0.8634905915975697,0.32477078747330085
-1.3665887704664001,0.6115783609049503,-0.9841418533760657,0.3758488749628081,-1.3977569278148463,-0.3839861917366387,-1.1787439593251672,-0.9920317455237934,0.9960079680956174,-1.3325811678472146,1.1222773648862188,-1.4275895765912718
-1.3631246671192103,-0.6154127079952633,-0.9841418533760657,-0.45276361036564977,-0.04141279648814155,-0.4054931363773634,0.052963417190159075,1.0080322575483707,0.9960079680956174,0.44775439373891035,1.688373431455139,-0.25934933388155673
-1.3596605637720205,1.3017608371613203,-0.9841418533760657,-0.3065378776606278,-1.5167731499332116,-0.7886548147447356,0.052963417190159075,1.0080322575483707,0.9960079680956174,0.44775439373891035,-0.3495724081929734,-0.25934933388155673
-1.3561964604248307,-1.0755343588328432,1.0080481332151605,-0.9889246302840637,-0.9305080557945969,-1.0276511963905512,0.052963417190159075,-0.9920317455237934,0.9960079680956174,0.44775439373891035,-0.478965794837298,-0.25934933388155673
-1.3527323570776408,-0.5387257661889999,1.0080481332151605,-0.014086412250583855,0.05247777873856936,0.012734783190897362,-1.1787439593251672,1.0080322575483707,-1.0040080320963853,-1.3325811678472146,-1.320022808025408,1.493011030183016
-1.3492682537304508,-0.07860411535141981,1.0080481332151605,0.03465549865109014,-1.786984054224167,-0.732638069257508,0.052963417190159075,-0.9920317455237934,-1.0040080320963853,-0.4424133870541522,-1.3361969813559484,1.493011030183016
-1.345804150383261,1.0717000117425304,-0.9841418533760657,1.5943966475046578,-0.1379481766508156,1.2854346107282317,0.052963417190159075,-0.9920317455237934,-1.0040080320963853,-1.3325811678472146,-1.4979387146613543,0.9088909088281585
-1.3423400470360711,0.764952244517477,-0.9841418533760657,-0.9889246302840637,-1.1976333543269282,-1.075368581497748,0.052963417190159075,-0.9920317455237934,-1.0040080320963853,1.337922174531973,0.47531043166459586,-0.25934933388155673
-1.3388759436888813,0.6115783609049503,-0.9841418533760657,-0.8914408084807157,-0.39317185297130997,-0.8558003673196702,-1.1787439593251672,1.0080322575483707,0.9960079680956174,1.337922174531973,0.13565279172324382,1.493011030183016
-1.3354118403416915,-1.0755343588328432,1.0080481332151605,-0.7452150757756938,-1.5529188173913817,-1.0182284564271389,0.052963417190159075,1.0080322575483707,-1.0040080320963853,1.337922174531973,-1.0612360347367586,-0.8434694552364144
-1.3319477369945016,0.15145671006737021,1.0080481332151605,1.058235627586244,-0.3847966373407584,0.6671821320703524,0.052963417190159075,1.0080322575483707,0.9960079680956174,0.44775439373891035,1.6560250847940579,1.493011030183016
-1.3284836336473116,-1.0755343588328432,1.0080481332151605,0.668300340372852,0.8190304093453746,1.0653991966299625,0.052963417190159075,-0.9920317455237934,-1.0040080320963853,-0.4424133870541522,-0.5760108348205415,-0.25934933388155673
-1.3250195303001218,0.3048305936798969,-0.9841418533760657,0.8145260730778741,0.32092547973888197,0.914047420237146,-1.1787439593251672,-0.9920317455237934,0.9960079680956174,0.44775439373891035,0.7179230316227045,-0.8434694552364144
-1.321555426952932,0.8416391863237404,-0.9841418533760657,1.49691282570131,0.8763345162912541,2.0007019402294675,0.052963417190159075,-0.9920317455237934,0.9960079680956174,0.44775439373891035,0.6047038183089205,-0.25934933388155673
-1.318091323605742,-0.9221604752203166,-0.9841418533760657,-0.9889246302840637,0.9243818059612611,-0.6963067136659887,0.052963417190159075,1.0080322575483707,-1.0040080320963853,0.44775439373891035,0.8311422449364885,0.32477078747330085
-1.3146272202585523,0.3048305936798969,-0.9841418533760657,0.668300340372852,-0.5500969458384881,0.26646633535331404,0.052963417190159075,-0.9920317455237934,0.9960079680956174,0.44775439373891035,-0.3010498882013517,1.493011030183016
-1.3111631169113624,-1.1522213006391067,-0.9841418533760657,1.49691282570131,-1.2077717732481221,0.36262552791586994,0.052963417190159075,-0.9920317455237934,0.9960079680956174,-0.4424133870541522,-0.8509717814397313,0.32477078747330085
-1.3076990135641726,1.3784477789675837,1.0080481332151605,-0.5989893430706718,-0.41433029245901953,-0.6340011422867454,0.052963417190159075,1.0080322575483707,0.9960079680956174,-0.4424133870541522,1.3648899648443276,0.32477078747330085
-1.3042349102169826,0.07476976826110687,1.0080481332151605,1.399429003897962,0.4818177800100058,1.5939125445499396,0.052963417190159075,1.0080322575483707,-1.0040080320963853,0.44775439373891035,0.6532263383005422,0.32477078747330085
-1.3007708068697927,-0.3853518825764732,1.0080481332151605,-0.8914408084807157,-1.2866751205043718,-1.0366907274306605,-1.1787439593251672,-0.9920317455237934,0.9960079680956174,-0.4424133870541522,1.461935004827571,0.32477078747330085
-1.297306703522603,1.5318216625801104,1.0080481332151605,1.448170914799636,0.9984363441682437,2.0421672455057873,-1.1787439593251672,-0.9920317455237934,-1.0040080320963853,0.44775439373891035,0.20034948504540612,0.32477078747330085
-1.293842600175413,1.3784477789675837,1.0080481332151605,-0.25779596675895383,0.08112983221150881,-0.19322688949126687,1.2846707937054853,-0.9920317455237934,-1.0040080320963853,-1.3325811678472146,1.0252323249029753,-0.8434694552364144
-1.2903784968282233,-0.07860411535141981,1.0080481332151605,-0.20905405585727982,-1.547188406696794,-0.7507801245853928,-1.1787439593251672,1.0080322575483707,0.9960079680956174,-1.3325811678472146,0.054781925070540936,-0.8434694552364144
-1.2869143934810334,-1.5356560096704233,1.0080481332151605,1.545654736602984,0.7401270620891247,1.9450736531028483,-1.1787439593251672,1.0080322575483707,-1.0040080320963853,0.44775439373891035,0.6370521649700016,1.493011030183016
-1.2834502901338436,-1.45896906786416,-0.9841418533760657,0.717042251274526,-1.499141117026787,-0.2625719562972153,-1.1787439593251672,-0.9920317455237934,0.9960079680956174,0.44775439373891035,-0.4304432748456763,0.32477078747330085
-1.2799861867866535,-0.3853518825764732,-0.9841418533760657,0.912009894881222,-1.227167009445189,0.01137517892876727,1.2846707937054853,1.0080322575483707,-1.0040080320963853,-1.3325811678472146,1.1707998848778407,0.32477078747330085
-1.2765220834394637,1.6851955461926371,-0.9841418533760657,0.717042251274526,1.0354636132717354,1.2466412690404227,0.052963417190159075,-0.9920317455237934,-1.0040080320963853,1.337922174531973,-0.9965393414145964,1.493011030183016
-1.2730579800922739,1.3017608371613203,1.0080481332151605,-1.1838922738907598,0.7626079040448163,-0.9319907003720198,0.052963417190159075,1.0080322575483707,-1.0040080320963853,1.337922174531973,-0.12313398156540539,-0.25934933388155673
-1.269593876745084,1.0717000117425304,-0.9841418533760657,1.204461360291266,-1.7675888180271002,-0.20677043773951403,-1.1787439593251672,-0.9920317455237934,0.9960079680956174,-1.3325811678472146,0.5400071249867582,0.32477078747330085
-1.2661297733978942,-0.5387257661889999,1.0080481332151605,-0.8426988975790417,0.1379931383347281,-0.7040076381931898,-1.1787439593251672,-0.9920317455237934,0.9960079680956174,0.44775439373891035,-1.5949837546445977,1.493011030183016
-1.2626656700507044,0.22814365187363356,1.0080481332151605,0.668300340372852,-0.34380216083332177,0.3868464316435494,1.2846707937054853,-0.9920317455237934,0.9960079680956174,-0.4424133870541522,-1.1421069013894616,-0.25934933388155673
-1.2592015667035146,-0.76878659160779,1.0080481332151605,0.7657841621762,-0.5567089581783976,0.3345777843924648,0.052963417190159075,-0.9920317455237934,-1.0040080320963853,-0.4424133870541522,0.5076587783256771,-0.25934933388155673
-1.2557374633563245,-1.3055951842516333,-0.9841418533760657,1.49691282570131,1.1024653383161482,2.1784373885198387,-1.1787439593251672,1.0080322575483707,0.9960079680956174,1.337922174531973,1.4134124848359493,0.32477078747330085
-1.2522733600091347,-0.4620388243827365,1.0080481332151605,-1.3301180065957816,-1.6313813638249708,-1.3151576281766975,-1.1787439593251672,-0.9920317455237934,0.9960079680956174,-0.4424133870541522,0.9120131115891914,0.9088909088281585
-1.2488092566619449,-0.5387257661889999,1.0080481332151605,-0.4040216994639758,-0.03700478826153505,-0.36195430336536205,0.052963417190159075,-0.9920317455237934,-1.0040080320963853,0.44775439373891035,1.2516707515305434,-1.4275895765912718
-1.245345153314755,-0.76878659160779,1.0080481332151605,0.668300340372852,0.5228122565174431,0.892545725033727,0.052963417190159075,-0.9920317455237934,0.9960079680956174,-1.3325811678472146,-0.009914768251621365,-0.25934933388155673
-1.2418810499675652,1.5318216625801104,1.0080481332151605,0.912009894881222,-0.40992228423241367,0.5369278442084296,-1.1787439593251672,-0.9920317455237934,-1.0040080320963853,0.44775439373891035,0.31356869835919016,-0.8434694552364144
-1.2384169466203754,0.22814365187363356,1.0080481332151605,1.6431385584063318,1.0848333054097241,2.331180265798619,-1.1787439593251672,-0.9920317455237934,0.9960079680956174,-0.4424133870541522,0.11947861839270324,-0.8434694552364144
-1.2349528432731856,-0.8454735334140533,-0.9841418533760657,1.448170914799636,-1.1451780564303151,0.3828463604167415,-1.1787439593251672,-0.9920317455237934,-1.0040080320963853,0.44775439373891035,-0.3010498882013517,-1.4275895765912718
-1.2314887399259955,0.534891419098687,1.0080481332151605,-1.4276018283991296,1.1258277819171607,-1.1645197752574319,0.052963417190159075,1.0080322575483707,0.9960079680956174,0.44775439373891035,0.620877991639461,0.32477078747330085
-1.2280246365788057,-1.3055951842516333,-0.9841418533760657,0.8145260730778741,0.9940283359416379,1.3308737400448323,0.052963417190159075,1.0080322575483707,-1.0040080320963853,-0.4424133870541522,-1.5141128879918948,0.9088909088281585
-1.2245605332316158,0.6115783609049503,-0.9841418533760657,-1.5738275611041517,-0.3098604974884541,-1.383878011943289,-1.1787439593251672,1.0080322575483707,0.9960079680956174,1.337922174531973,0.00625940507891921,0.32477078747330085
-1.221096429884426,0.8416391863237404,1.0080481332151605,-1.5250856502024777,0.21469248147767447,-1.319966112748556,-1.1787439593251672,1.0080322575483707,-1.0040080320963853,1.337922174531973,1.3972383115054086,0.9088909088281585
-1.2176323265372362,-1.5356560096704233,1.0080481332151605,0.619558429471178,0.23981812836932972,0.6819383003361756,1.2846707937054853,1.0080322575483707,-1.0040080320963853,0.44775439373891035,-1.0450618614062182,-0.25934933388155673
-1.2141682231900464,0.07476976826110687,1.0080481332151605,-0.3552797885623018,-1.2998991451841904,-0.7408901847017889,0.052963417190159075,1.0080322575483707,-1.0040080320963853,1.337922174531973,-0.3010498882013517,-0.25934933388155673
-1.2107041198428565,1.225073895355057,1.0080481332151605,0.619558429471178,-1.682514259253602,-0.4169159119541796,0.052963417190159075,1.0080322575483707,-1.0040080320963853,0.44775439373891035,-1.4008936746781109,1.493011030183016
-1.2072400164956665,-0.9221604752203166,-0.9841418533760657,-0.014086412250583855,-0.35614458386781894,-0.15758321018677093,-1.1787439593251672,-0.9920317455237934,0.9960079680956174,1.337922174531973,1.2678449248610841,0.32477078747330085
-1.2037759131484767,-1.45896906786416,1.0080481332151605,1.49691282570131,-0.7524245234397094,0.7205216645317639,1.2846707937054853,-0.9920317455237934,-1.0040080320963853,1.337922174531973,-0.4951399681678386,0.9088909088281585
-1.2003118098012868,-1.0755343588328432,1.0080481332151605,-1.4763437393008036,-0.2556419963011992,-1.3028004527594983,-1.1787439593251672,1.0080322575483707,-1.0040080320963853,-1.3325811678472146,0.5885296449783799,-1.4275895765912718
-1.196847706454097,1.1483869535487936,1.0080481332151605,1.5943966475046578,-0.3177949122963455,1.1397942221238235,-1.1787439593251672,-0.9920317455237934,0.9960079680956174,0.44775439373891035,1.2678449248610841,-0.25934933388155673
-1.1933836031069072,0.534891419098687,-0.9841418533760657,-0.45276361036564977,0.9402506355770431,-0.10154021751301562,0.052963417190159075,1.0080322575483707,0.9960079680956174,0.44775439373891035,-1.65968044796676,0.32477078747330085
-1.1899194997597173,-1.5356560096704233,1.0080481332151605,-0.6477312539723458,-0.9216920393413846,-0.8046078547162175,-1.1787439593251672,-0.9920317455237934,0.9960079680956174,0.44775439373891035,0.47531043166459586,-0.8434694552364144
-1.1864553964125275,-0.6920996498015266,-0.9841418533760657,1.058235627586244,-0.7969454065284313,0.38741337087254574,0.052963417190159075,1.0080322575483707,0.9960079680956174,-1.3325811678472146,0.7502713782837857,-0.8434694552364144
-1.1829912930653375,-0.76878659160779,-0.9841418533760657,0.18088123135611212,1.5538453807206158,0.8829969985749823,0.052963417190159075,-0.9920317455237934,-1.0040080320963853,0.44775439373891035,-1.2876744613643267,1.493011030183016
-1.1795271897181476,1.3784477789675837,-0.9841418533760657,1.0094937166845699,1.1024653383161482,1.6209996410464345,-1.1787439593251672,1.0080322575483707,0.9960079680956174,-0.4424133870541522,0.7987938982754074,0.9088909088281585
-1.1760630863709578,1.5318216625801104,-0.9841418533760657,1.7406223802096799,1.4991860787106996,2.7925953060794106,1.2846707937054853,1.0080322575483707,0.9960079680956174,1.337922174531973,1.073754844894597,0.9088909088281585
-1.172598983023768,-0.2319779989639465,-0.9841418533760657,0.7657841621762,0.3266558904334703,0.8710912747660577,-1.1787439593251672,-0.9920317455237934,-1.0040080320963853,-0.4424133870541522,-0.2363531948791894,-0.8434694552364144
-1.1691348796765781,0.764952244517477,-0.9841418533760657,1.058235627586244,-1.0777355305632417,0.19681155174633966,1.2846707937054853,-0.9920317455237934,-1.0040080320963853,-0.4424133870541522,-1.4979387146613543,1.493011030183016
-1.1656707763293883,-1.1522213006391067,-0.9841418533760657,0.5220746076678301,1.2580680287153445,1.1488022565400995,1.2846707937054853,-0.9920317455237934,-1.0040080320963853,-0.4424133870541522,-1.65968044796676,-0.25934933388155673
-1.1622066729821983,-0.07860411535141981,1.0080481332151605,0.2296231422577861,0.26229897032502053,0.328882144915973,-1.1787439593251672,-0.9920317455237934,-1.0040080320963853,0.44775439373891035,1.0575806715640566,1.493011030183016
-1.1587425696350084,-1.3822821260578966,-0.9841418533760657,-0.8914408084807157,0.9389282331090613,-0.5861157751857717,1.2846707937054853,1.0080322575483707,0.9960079680956174,0.44775439373891035,0.9443614582502725,1.493011030183016
-1.1552784662878186,1.6851955461926371,-0.9841418533760657,-0.5502474321689977,0.849004865286296,-0.23524338568466668,0.052963417190159075,1.0080322575483707,-1.0040080320963853,-0.4424133870541522,0.4591362583340553,0.32477078747330085
-1.1518143629406288,-1.3822821260578966,1.0080481332151605,-0.45276361036564977,-0.3773030233555279,-0.5094949882743696,1.2846707937054853,-0.9920317455237934,0.9960079680956174,-1.3325811678472146,1.235496578200003,0.32477078747330085
-1.148350259593439,0.15145671006737021,-0.9841418533760657,-0.4040216994639758,0.37778878586210124,-0.22858184974395895,1.2846707937054853,1.0080322575483707,0.9960079680956174,1.337922174531973,0.11947861839270324,0.32477078747330085
-1.1448861562462491,-0.9221604752203166,-0.9841418533760657,-0.7939569866773677,-1.7054359020319538,-1.0768594216925165,1.2846707937054853,1.0080322575483707,-1.0040080320963853,0.44775439373891035,0.7017488582921639,1.493011030183016
-1.1414220528990593,-0.30866494077020984,-0.9841418533760657,1.7406223802096799,0.5214898540494611,1.9659244180803828,-1.1787439593251672,1.0080322575483707,0.9960079680956174,-1.3325811678472146,0.7987938982754074,1.493011030183016
-1.1379579495518692,1.455134720773847,1.0080481332151605,-0.06282832315225785,-0.2750372324982661,-0.16311611710679136,-1.1787439593251672,-0.9920317455237934,0.9960079680956174,1.337922174531973,-1.5141128879918948,-1.4275895765912718
-1.1344938462046794,-0.6920996498015266,1.0080481332151605,-1.6713113829074997,0.555872318216989,-1.4514172723161378,-1.1787439593251672,-0.9920317455237934,0.9960079680956174,0.44775439373891035,0.5076587783256771,-0.25934933388155673
-1.1310297428574896,-0.07860411535141981,-0.9841418533760657,-1.5738275611041517,0.3412023175812705,-1.3606177552425198,-1.1787439593251672,1.0080322575483707,-1.0040080320963853,1.337922174531973,-0.7539267414564877,-0.8434694552364144
-1.1275656395102998,-0.6920996498015266,-0.9841418533760657,0.7657841621762,1.3127273307252603,1.469983828641171,-1.1787439593251672,1.0080322575483707,-1.0040080320963853,-0.4424133870541522,-1.2229777680421645,-1.4275895765912718
-1.12410153616311,1.0717000117425304,1.0080481332151605,-0.5502474321689977,-0.03215597921226833,-0.4870903898544007,-1.1787439593251672,-0.9920317455237934,0.9960079680956174,1.337922174531973,1.6236767381329766,-1.4275895765912718
-1.12063743281592,-1.45896906786416,-0.9841418533760657,0.2783650531594601,1.2809896714936961,0.8720099262945241,-1.1787439593251672,-0.9920317455237934,0.9960079680956174,1.337922174531973,-0.28487571487081115,-1.4275895765912718
-1.1171733294687303,1.1483869535487936,1.0080481332151605,-1.1351503629890858,-0.2547603946558776,-1.0256826574009803,-1.1787439593251672,-0.9920317455237934,0.9960079680956174,0.44775439373891035,1.381064138174868,1.493011030183016
-1.1137092261215402,-1.1522213006391067,1.0080481332151605,-1.1351503629890858,1.5441477626220819,-0.7686072136749462,0.052963417190159075,1.0080322575483707,-1.0040080320963853,-1.3325811678472146,1.2678449248610841,-1.4275895765912718
-1.1102451227743504,-0.4620388243827365,-0.9841418533760657,-0.5015055212673238,-0.6664683630208899,-0.6337071737976362,1.2846707937054853,1.0080322575483707,0.9960079680956174,-0.4424133870541522,-0.705404221464866,0.32477078747330085
-1.1067810194271606,-0.07860411535141981,1.0080481332151605,-0.5989893430706718,0.317839873980258,-0.4334568889038801,0.052963417190159075,1.0080322575483707,-1.0040080320963853,1.337922174531973,1.4134124848359493,-0.25934933388155673
-1.1033169160799707,0.3048305936798969,-0.9841418533760657,1.155719449389592,-0.5302609088187604,0.6410399342888519,1.2846707937054853,-0.9920317455237934,-1.0040080320963853,-1.3325811678472146,-0.46279162150675746,-0.8434694552364144
-1.099852812732781,-0.2319779989639465,1.0080481332151605,-0.8914408084807157,1.2585088295380054,-0.5214164603952104,-1.1787439593251672,1.0080322575483707,0.9960079680956174,-1.3325811678472146,-1.0450618614062182,-1.4275895765912718
-1.096388709385591,1.3017608371613203,1.0080481332151605,-0.11157023405393184,-0.9851673578045129,-0.48153123574785256,0.052963417190159075,1.0080322575483707,-1.0040080320963853,0.44775439373891035,0.054781925070540936,-0.8434694552364144
-1.0929246060384012,0.995013069936267,1.0080481332151605,0.5220746076678301,1.3105233266119574,1.177537676350528,1.2846707937054853,1.0080322575483707,0.9960079680956174,-1.3325811678472146,0.2650461783675684,0.9088909088281585
-1.0894605026912112,-1.5356560096704233,-0.9841418533760657,-1.4276018283991296,0.7454166719610523,-1.1917013616254262,1.2846707937054853,1.0080322575483707,-1.0040080320963853,1.337922174531973,-0.3010498882013517,1.493011030183016
-1.0859963993440214,-1.1522213006391067,-0.9841418533760657,-0.5502474321689977,1.5296013354742817,-0.040720236891235356,1.2846707937054853,-0.9920317455237934,0.9960079680956174,-1.3325811678472146,-0.46279162150675746,-0.25934933388155673
-1.0825322959968315,1.0717000117425304,1.0080481332151605,0.8145260730778741,-0.9534296985729489,0.12488901122337963,0.052963417190159075,-0.9920317455237934,0.9960079680956174,0.44775439373891035,-1.158281074720002,-0.8434694552364144
-1.0790681926496417,0.07476976826110687,1.0080481332151605,1.448170914799636,1.3246289529370974,2.294665179901406,-1.1787439593251672,1.0080322575483707,-1.0040080320963853,-0.4424133870541522,0.6855746849616233,0.9088909088281585
-1.0756040893024519,0.6115783609049503,-0.9841418533760657,-0.5502474321689977,-0.007911933965934764,-0.4801611326111113,-1.1787439593251672,1.0080322575483707,0.9960079680956174,-1.3325811678472146,1.4457608314970303,-0.8434694552364144
-1.072139985955262,-1.0755343588328432,1.0080481332151605,-0.4040216994639758,-1.7402591670221421,-0.909617598575884,-1.1787439593251672,1.0080322575483707,0.9960079680956174,-1.3325811678472146,1.0899290182251378,1.493011030183016
-1.0686758826080722,-0.6920996498015266,-0.9841418533760657,-1.1351503629890858,-0.25916840288248405,-1.026312589877643,-1.1787439593251672,-0.9920317455237934,0.9960079680956174,1.337922174531973,0.2650461783675684,0.9088909088281585
-1.0652117792608822,-1.5356560096704233,-0.9841418533760657,-1.3788599174974556,1.1937111086068954,-1.1028388869175458,-1.1787439593251672,1.0080322575483707,0.9960079680956174,1.337922174531973,1.041406498233516,1.493011030183016
-1.0617476759136923,1.0717000117425304,1.0080481332151605,0.2296231422577861,0.318721475625579,0.3557592639202469,0.052963417190159075,1.0080322575483707,-1.0040080320963853,0.44775439373891035,-0.6245333548121632,-1.4275895765912718
-1.0582835725665025,1.5318216625801104,-0.9841418533760657,0.3271069640611341,-1.7481935818300331,-0.5852338697184442,-1.1787439593251672,1.0080322575483707,-1.0040080320963853,1.337922174531973,-0.4466174481762169,0.32477078747330085
-1.0548194692193127,0.3048305936798969,1.0080481332151605,-1.6225694720058257,-0.7766685686860431,-1.4339208977768323,-1.1787439593251672,1.0080322575483707,-1.0040080320963853,-1.3325811678472146,-0.5598366614900009,-0.25934933388155673
-1.0513553658721229,1.455134720773847,1.0080481332151605,1.399429003897962,0.21601488394565635,1.391326260055226,0.052963417190159075,-0.9920317455237934,-1.0040080320963853,0.44775439373891035,-0.07461146157378366,-0.25934933388155673
-1.047891262524933,0.8416391863237404,-0.9841418533760657,-0.5015055212673238,-0.41917910150828624,-0.5600838155876872,1.2846707937054853,-0.9920317455237934,0.9960079680956174,-1.3325811678472146,-1.3847195013475702,1.493011030183016
-1.0444271591777432,-1.3822821260578966,-0.9841418533760657,-1.4763437393008036,0.0163321112803988,-1.2866059386719622,1.2846707937054853,1.0080322575483707,0.9960079680956174,-0.4424133870541522,-0.07461146157378366,-1.4275895765912718
-1.0409630558305532,0.15145671006737021,-0.9841418533760657,1.7406223802096799,0.7396862612664639,2.150415892182961,-1.1787439593251672,1.0080322575483707,0.9960079680956174,1.337922174531973,1.688373431455139,-0.25934933388155673
-1.0374989524833633,0.4582044772924236,-0.9841418533760657,-0.20905405585727982,0.6096500185815837,0.04547027422813399,-1.1787439593251672,1.0080322575483707,-1.0040080320963853,-1.3325811678472146,-1.0450618614062182,-0.8434694552364144
-1.0340348491361735,0.4582044772924236,1.0080481332151605,-1.4276018283991296,1.5494373724940094,-1.1342515197537908,1.2846707937054853,1.0080322575483707,-1.0040080320963853,0.44775439373891035,0.6694005116310828,-0.8434694552364144
-1.0305707457889837,1.3017608371613203,1.0080481332151605,-1.3301180065957816,-0.2490299839612898,-1.1834597450557562,0.052963417190159075,1.0080322575483707,0.9960079680956174,1.337922174531973,-0.6245333548121632,-0.8434694552364144
-1.0271066424417938,-0.9221604752203166,-0.9841418533760657,0.3758488749628081,-1.3510320406128213,-0.36005925649806847,-1.1787439593251672,1.0080322575483707,-1.0040080320963853,-0.4424133870541522,0.394439565011893,0.9088909088281585
-1.023642539094604,-0.2319779989639465,-0.9841418533760657,-0.6477312539723458,0.018095314571041528,-0.5583882473380034,1.2846707937054853,-0.9920317455237934,-1.0040080320963853,-1.3325811678472146,1.1061031915556783,-1.4275895765912718
-1.0201784357474142,-0.07860411535141981,1.0080481332151605,-0.9401827193823897,-0.31470930653772083,-0.8787824038432465,1.2846707937054853,1.0080322575483707,-1.0040080320963853,-0.4424133870541522,-0.20400484821810827,-0.8434694552364144
-1.0167143324002241,-1.45896906786416,-0.9841418533760657,-1.1838922738907598,0.7308702448132521,-0.9361482547179935,-1.1787439593251672,1.0080322575483707,-1.0040080320963853,-1.3325811678472146,0.24887200503702783,0.32477078747330085
-1.0132502290530343,0.8416391863237404,-0.9841418533760657,-1.4763437393008036,0.2552461571624509,-1.2723799635739972,0.052963417190159075,1.0080322575483707,-1.0040080320963853,-1.3325811678472146,0.7664455516143263,-0.25934933388155673
-1.0097861257058445,-0.8454735334140533,1.0080481332151605,-1.5250856502024777,0.1468091547879405,-1.3231997661287576,0.052963417190159075,1.0080322575483707,-1.0040080320963853,1.337922174531973,1.3648899648443276,-1.4275895765912718
-1.0063220223586546,0.15145671006737021,-0.9841418533760657,-1.3788599174974556,0.8194712101680349,-1.1340362928242644,0.052963417190159075,1.0080322575483707,0.9960079680956174,-1.3325811678472146,-0.05843728824324309,0.9088909088281585
-1.0028579190114648,0.38151753548616024,-0.9841418533760657,1.301945182094614,-0.03259678003492917,1.1173896237038545,-1.1787439593251672,-0.9920317455237934,0.9960079680956174,-1.3325811678472146,0.16800113838432496,1.493011030183016
-0.9993938156642749,-0.99884741702658,-0.9841418533760657,-1.0376665411857378,0.6502036942663602,-0.7956418157983857,-1.1787439593251672,1.0080322575483707,-1.0040080320963853,1.337922174531973,-0.07461146157378366,-1.4275895765912718
-0.995929712317085,0.15145671006737021,-0.9841418533760657,1.350687092996288,0.7123566102615063,1.718523687308426,1.2846707937054853,1.0080322575483707,-1.0040080320963853,1.337922174531973,-0.9965393414145964,-1.4275895765912718
-0.9924656089698952,0.6882653027112137,1.0080481332151605,-0.5502474321689977,-0.24329957326670204,-0.5474379211186842,1.2846707937054853,1.0080322575483707,-1.0040080320963853,-0.4424133870541522,1.0899290182251378,0.9088909088281585
-0.9890015056227053,1.3784477789675837,-0.9841418533760657,0.42459078586448207,0.7366006555078399,0.7603648936806774,0.052963417190159075,1.0080322575483707,-1.0040080320963853,-1.3325811678472146,-1.0288876880756777,-0.8434694552364144
-0.9855374022755155,0.9183261281300037,1.0080481332151605,-0.45276361036564977,1.2135471456266225,-0.01691928814799754,0.052963417190159075,-0.9920317455237934,-1.0040080320963853,-0.4424133870541522,-1.5949837546445977,-0.25934933388155673
-0.9820732989283256,0.07476976826110687,-0.9841418533760657,0.5708165185695041,0.3015302435418151,0.671008971866078,-1.1787439593251672,1.0080322575483707,0.9960079680956174,1.337922174531973,-0.07461146157378366,1.493011030183016
-0.9786091955811357,0.15145671006737021,-0.9841418533760657,-0.5989893430706718,-1.7856616517561852,-1.0096141298087769,1.2846707937054853,-0.9920317455237934,0.9960079680956174,0.44775439373891035,1.688373431455139,0.9088909088281585
-0.9751450922339459,-0.15529105715768315,1.0080481332151605,0.717042251274526,-1.096689965937648,-0.022935143300126023,0.052963417190159075,-0.9920317455237934,-1.0040080320963853,0.44775439373891035,1.6236767381329766,0.32477078747330085
-0.971680988886756,-0.99884741702658,1.0080481332151605,-0.9889246302840637,0.06658340506370866,-0.8495377886141823,0.052963417190159075,-0.9920317455237934,-1.0040080320963853,-0.4424133870541522,-0.365746581523514,0.9088909088281585
-0.9682168855395662,1.3784477789675837,1.0080481332151605,1.545654736602984,1.6168798983610833,2.6446294167486557,-1.1787439593251672,-0.9920317455237934,0.9960079680956174,-1.3325811678472146,-1.1097585547283804,-1.4275895765912718
-0.9647527821923763,0.4582044772924236,-0.9841418533760657,1.545654736602984,-1.3572032521300699,0.27162653222464234,1.2846707937054853,1.0080322575483707,0.9960079680956174,0.44775439373891035,-0.2363531948791894,-0.8434694552364144
-0.9612886788451864,-0.6154127079952633,1.0080481332151605,-0.20905405585727982,0.6286044539559897,0.052467774156395065,1.2846707937054853,-0.9920317455237934,0.9960079680956174,-0.4424133870541522,0.620877991639461,-0.8434694552364144
-0.9578245754979966,-0.6920996498015266,-0.9841418533760657,0.5708165185695041,0.6845861584338874,0.8854117397355221,-1.1787439593251672,1.0080322575483707,-1.0040080320963853,0.44775439373891035,0.47531043166459586,0.32477078747330085
-0.9543604721508067,-0.76878659160779,1.0080481332151605,-0.20905405585727982,-1.0883147503070962,-0.5813755332988852,1.2846707937054853,1.0080322575483707,0.9960079680956174,1.337922174531973,1.6721992581245984,0.9088909088281585
-0.9508963688036168,-0.76878659160779,1.0080481332151605,-1.2326341847924336,0.9962323400549408,-0.9558651412375349,0.052963417190159075,1.0080322575483707,0.9960079680956174,-0.4424133870541522,1.2516707515305434,0.9088909088281585
-0.947432265456427,0.8416391863237404,-0.9841418533760657,1.301945182094614,0.5369178828425824,1.5378905496254063,1.2846707937054853,1.0080322575483707,-1.0040080320963853,-0.4424133870541522,0.08713027173162208,-0.25934933388155673
-0.9439681621092372,0.995013069936267,1.0080481332151605,-0.4040216994639758,-1.1253420194105876,-0.7118975424633898,-1.1787439593251672,-0.9920317455237934,-1.0040080320963853,-0.4424133870541522,1.5266316981497332,0.9088909088281585
-0.9405040587620472,0.4582044772924236,1.0080481332151605,-1.0864084520874118,-1.6238877498397404,-1.198063679639719,-1.1787439593251672,1.0080322575483707,-1.0040080320963853,-0.4424133870541522,-1.1744552480505428,-0.8434694552364144
-0.9370399554148574,1.6851955461926371,1.0080481332151605,0.619558429471178,1.378847454124352,1.3330365082147073,1.2846707937054853,1.0080322575483707,0.9960079680956174,1.337922174531973,0.7017488582921639,-1.4275895765912718
-0.9335758520676676,-0.0019171735451564745,1.0080481332151605,-0.9401827193823897,1.1513942296314763,-0.5994283481925762,0.052963417190159075,-0.9920317455237934,0.9960079680956174,1.337922174531973,-1.1744552480505428,-0.8434694552364144
-0.9301117487204776,-0.30866494077020984,1.0080481332151605,-1.5250856502024777,-0.14940899803999114,-1.3373102536060015,1.2846707937054853,1.0080322575483707,0.9960079680956174,-0.4424133870541522,0.5400071249867582,0.9088909088281585
-0.9266476453732878,0.764952244517477,-0.9841418533760657,-1.0864084520874118,-1.3611704595340155,-1.1573910393965328,1.2846707937054853,1.0080322575483707,0.9960079680956174,-0.4424133870541522,0.2650461783675684,1.493011030183016
-0.923183542026098,-0.15529105715768315,-0.9841418533760657,1.058235627586244,-1.403487338509434,-0.024310495874172788,-1.1787439593251672,-0.9920317455237934,-1.0040080320963853,0.44775439373891035,-0.899494301431353,-1.4275895765912718
-0.9197194386789082,1.6851955461926371,1.0080481332151605,-1.1351503629890858,-1.8024120830172887,-1.2468519499572426,-1.1787439593251672,1.0080322575483707,-1.0040080320963853,0.44775439373891035,0.6532263383005422,0.32477078747330085
-0.9162553353317182,0.995013069936267,1.0080481332151605,0.18088123135611212,-0.43284392701076535,-0.039712344928575054,0.052963417190159075,1.0080322575483707,-1.0040080320963853,-1.3325811678472146,-0.6083591814816226,-0.25934933388155673
-0.9127912319845284,0.6115783609049503,1.0080481332151605,1.058235627586244,0.06790580753169055,0.9744789424983177,1.2846707937054853,1.0080322575483707,-1.0040080320963853,1.337922174531973,0.7017488582921639,0.9088909088281585
-0.9093271286373386,-0.8454735334140533,-0.9841418533760657,0.3271069640611341,-0.016727950419147142,0.28079729919738955,1.2846707937054853,1.0080322575483707,-1.0040080320963853,-1.3325811678472146,-0.4466174481762169,-1.4275895765912718
-0.9058630252901486,-1.3822821260578966,1.0080481332151605,-0.7939569866773677,-0.0749136590103477,-0.7079237184231094,0.052963417190159075,1.0080322575483707,-1.0040080320963853,1.337922174531973,-1.1421069013894616,-1.4275895765912718
-0.9023989219429588,0.764952244517477,-0.9841418533760657,-0.8426988975790417,1.7068032661838484,-0.3677181855268255,0.052963417190159075,1.0080322575483707,-1.0040080320963853,-1.3325811678472146,1.235496578200003,-1.4275895765912718
-0.898934818595769,0.9183261281300037,1.0080481332151605,-0.45276361036564977,0.898815358246945,-0.11436984228771195,0.052963417190159075,1.0080322575483707,0.9960079680956174,1.337922174531973,1.2840190981916246,0.9088909088281585
-0.895470715248579,1.6851955461926371,-0.9841418533760657,-1.5738275611041517,0.1798692164874864,-1.3663816374039832,1.2846707937054853,1.0080322575483707,0.9960079680956174,-0.4424133870541522,0.47531043166459586,-0.25934933388155673
-0.8920066119013892,1.1483869535487936,1.0080481332151605,-1.4276018283991296,-1.1522308695928851,-1.3272943272270652,-1.1787439593251672,-0.9920317455237934,-1.0040080320963853,-1.3325811678472146,-1.0450618614062182,0.9088909088281585
-0.8885425085541994,-0.99884741702658,-0.9841418533760657,-0.25779596675895383,1.2373503900502958,0.21985133208027663,1.2846707937054853,1.0080322575483707,-1.0040080320963853,-1.3325811678472146,-0.5274883148289198,0.9088909088281585
-0.8850784052070095,-0.5387257661889999,1.0080481332151605,-1.2813760956941076,1.203849527528089,-0.9880914368561358,0.052963417190159075,1.0080322575483707,-1.0040080320963853,-0.4424133870541522,0.08713027173162208,-1.4275895765912718
-0.8816143018598196,-0.8454735334140533,-0.9841418533760657,-0.3552797885623018,0.8922033459070362,-0.009937536531652892,0.052963417190159075,1.0080322575483707,-1.0040080320963853,-1.3325811678472146,-0.9803651680840558,-0.8434694552364144
-0.8781501985126298,-0.6154127079952633,-0.9841418533760657,-1.3301180065957816,-0.5262937014148154,-1.2098749135771438,-1.1787439593251672,-0.9920317455237934,-1.0040080320963853,-1.3325811678472146,1.1384515382167595,1.493011030183016
-0.8746860951654399,0.8416391863237404,1.0080481332151605,0.668300340372852,-1.4369882010316408,-0.2510651897235106,0.052963417190159075,1.0080322575483707,-1.0040080320963853,1.337922174531973,-0.8509717814397313,-0.8434694552364144
-0.87122199181825,1.6851955461926371,-0.9841418533760657,0.668300340372852,0.5214898540494611,0.891774057749815,0.052963417190159075,-0.9920317455237934,0.9960079680956174,-1.3325811678472146,0.3297428716897307,1.493011030183016
-0.8677578884710602,-1.22890824244537,-0.9841418533760657,0.13213932045443813,0.65769730825159,0.41633777042597336,-1.1787439593251672,-0.9920317455237934,0.9960079680956174,-0.4424133870541522,0.6694005116310828,-1.4275895765912718
-0.8642937851238703,-0.8454735334140533,-0.9841418533760657,1.399429003897962,-0.5509785474838091,0.806748921712272,0.052963417190159075,1.0080322575483707,0.9960079680956174,-0.4424133870541522,-1.125932728058921,0.32477078747330085
-0.8608296817766805,-1.0755343588328432,1.0080481332151605,-1.3301180065957816,-0.783721381848613,-1.2344002846685438,-1.1787439593251672,1.0080322575483707,-1.0040080320963853,-0.4424133870541522,-0.6245333548121632,0.9088909088281585
-0.8573655784294906,-1.22890824244537,-0.9841418533760657,0.3271069640611341,0.9446586438036491,0.7616562552578359,1.2846707937054853,-0.9920317455237934,0.9960079680956174,1.337922174531973,0.16800113838432496,-0.25934933388155673
-0.8539014750823007,-1.22890824244537,-0.9841418533760657,0.08339740955276413,-1.3250247920758453,-0.5077521750889361,-1.1787439593251672,1.0080322575483707,0.9960079680956174,-0.4424133870541522,0.31356869835919016,-0.8434694552364144
-0.8504373717351109,0.764952244517477,1.0080481332151605,-1.5250856502024777,-0.4892664323113238,-1.3534995182562317,-1.1787439593251672,-0.9920317455237934,-1.0040080320963853,0.44775439373891035,-0.4951399681678386,0.9088909088281585
-0.846973268387921,-1.5356560096704233,1.0080481332151605,0.4733326967661561,0.897933756601624,0.8982098678863853,1.2846707937054853,1.0080322575483707,-1.0040080320963853,1.337922174531973,-1.3361969813559484,0.9088909088281585
-0.8435091650407311,0.6115783609049503,1.0080481332151605,0.5220746076678301,1.183572689685701,1.10799313092697,1.2846707937054853,1.0080322575483707,0.9960079680956174,1.337922174531973,0.7826197249448668,-0.8434694552364144
-0.8400450616935413,-0.5387257661889999,-0.9841418533760657,-0.3552797885623018,-0.7193644617401636,-0.5473119346233516,1.2846707937054853,1.0080322575483707,0.9960079680956174,-0.4424133870541522,-0.6730558748037849,1.493011030183016
-0.8365809583463515,-0.6154127079952633,1.0080481332151605,-0.7939569866773677,1.6133534917797985,-0.3259221657002574,0.052963417190159075,1.0080322575483707,0.9960079680956174,-1.3325811678472146,-1.0288876880756777,0.9088909088281585
-0.8331168549991615,1.3017608371613203,1.0080481332151605,-1.2326341847924336,-0.6999692255430967,-1.1578634887540298,-1.1787439593251672,-0.9920317455237934,-1.0040080320963853,-1.3325811678472146,-0.05843728824324309,-1.4275895765912718
-0.8296527516519717,1.6851955461926371,-0.9841418533760657,0.2296231422577861,0.9067497730548364,0.6358692385429124,1.2846707937054853,1.0080322575483707,-1.0040080320963853,0.44775439373891035,-1.4332420213391919,-1.4275895765912718
-0.8261886483047819,-0.6154127079952633,-0.9841418533760657,-0.9401827193823897,0.03131933925085978,-0.8128494712858875,-1.1787439593251672,-0.9920317455237934,-1.0040080320963853,-0.4424133870541522,0.5238329516562176,-1.4275895765912718
-0.822724544957592,-0.76878659160779,-0.9841418533760657,-1.6225694720058257,-0.9569561051542337,-1.4382149374927495,0.052963417190159075,1.0080322575483707,-1.0040080320963853,1.337922174531973,-0.5274883148289198,-1.4275895765912718
-0.8192604416104021,-1.6123429514766867,1.0080481332151605,-1.6225694720058257,0.39542081876852603,-1.406004390186065,-1.1787439593251672,1.0080322575483707,-1.0040080320963853,1.337922174531973,-1.239151941372705,-0.8434694552364144
-0.8157963382632123,1.6085086043863737,1.0080481332151605,-0.9889246302840637,-1.1341580358637997,-1.06402979691782,1.2846707937054853,-0.9920317455237934,-1.0040080320963853,0.44775439373891035,0.6047038183089205,-0.8434694552364144
-0.8123322349160224,0.6115783609049503,1.0080481332151605,-0.5989893430706718,1.1386110057743188,-0.20864448685758558,-1.1787439593251672,-0.9920317455237934,0.9960079680956174,0.44775439373891035,-1.1421069013894616,-0.25934933388155673
-0.8088681315688325,1.0717000117425304,-0.9841418533760657,-1.1838922738907598,0.00972009894048999,-1.030617128468171,-1.1787439593251672,1.0080322575483707,-1.0040080320963853,1.337922174531973,0.5238329516562176,0.32477078747330085
-0.8054040282216427,0.22814365187363356,1.0080481332151605,1.5943966475046578,0.04895137215728453,1.4367863871210487,-1.1787439593251672,1.0080322575483707,-1.0040080320963853,-1.3325811678472146,0.8473164182670291,-0.8434694552364144
-0.8019399248744529,0.8416391863237404,-0.9841418533760657,-1.5250856502024777,0.008397696472508102,-1.3297930593844935,0.052963417190159075,-0.9920317455237934,-1.0040080320963853,-0.4424133870541522,0.36209121835081187,-1.4275895765912718
-0.7984758215272629,1.6851955461926371,-0.9841418533760657,-1.4763437393008036,-1.3527952439034636,-1.3681297000267225,1.2846707937054853,1.0080322575483707,0.9960079680956174,-1.3325811678472146,-0.9156684747618935,-0.25934933388155673
-0.7950117181800731,0.15145671006737021,-0.9841418533760657,0.18088123135611212,1.3925122796268312,0.8080665304759577,-1.1787439593251672,-0.9920317455237934,0.9960079680956174,0.44775439373891035,-0.8509717814397313,0.32477078747330085
-0.7915476148328833,-0.9221604752203166,-0.9841418533760657,-1.3788599174974556,0.5047394227883575,-1.1602729804772647,-1.1787439593251672,-0.9920317455237934,0.9960079680956174,0.44775439373891035,1.2193224048694624,0.9088909088281585
-0.7880835114856933,0.38151753548616024,1.0080481332151605,1.25320327119294,1.5551677831885973,2.228580013662187,1.2846707937054853,1.0080322575483707,0.9960079680956174,-0.4424133870541522,-0.786275088117569,-1.4275895765912718
-0.7846194081385035,-1.0755343588328432,-0.9841418533760657,0.42459078586448207,-0.03039277592162623,0.3584679735698963,0.052963417190159075,-0.9920317455237934,-1.0040080320963853,1.337922174531973,-0.042263114912702515,-0.25934933388155673
-0.7811553047913137,0.15145671006737021,1.0080481332151605,-0.25779596675895383,-0.4848584240847173,-0.39543521449998265,-1.1787439593251672,1.0080322575483707,0.9960079680956174,0.44775439373891035,0.022433578409459785,0.9088909088281585
-0.7776912014441238,0.6882653027112137,1.0080481332151605,-1.3301180065957816,1.634511931267508,-1.0040129802037847,1.2846707937054853,-0.9920317455237934,-1.0040080320963853,1.337922174531973,0.4106137383424336,-1.4275895765912718
-0.7742270980969339,-0.07860411535141981,-0.9841418533760657,-1.4763437393008036,-0.8392622855038501,-1.3375517277220554,-1.1787439593251672,-0.9920317455237934,-1.0040080320963853,1.337922174531973,1.2516707515305434,0.32477078747330085
-0.7707629947497441,-0.5387257661889999,-0.9841418533760657,1.350687092996288,0.8291688282665683,1.8061630431241193,-1.1787439593251672,1.0080322575483707,-1.0040080320963853,0.44775439373891035,0.620877991639461,-1.4275895765912718
-0.7672988914025543,-0.15529105715768315,1.0080481332151605,1.49691282570131,0.5219306548721214,1.7221457990492361,-1.1787439593251672,1.0080322575483707,-1.0040080320963853,-0.4424133870541522,0.928187284919732,0.32477078747330085
-0.7638347880553643,1.6085086043863737,1.0080481332151605,1.25320327119294,0.5285426672120308,1.4827977051039507,1.2846707937054853,1.0080322575483707,0.9960079680956174,0.44775439373891035,-1.465590368000273,-1.4275895765912718
-0.7603706847081745,-0.3853518825764732,-0.9841418533760657,-1.4763437393008036,-0.8674735381541293,-1.3392315476598224,1.2846707937054853,1.0080322575483707,0.9960079680956174,-0.4424133870541522,-0.3010498882013517,-0.8434694552364144
-0.7569065813609847,-0.6154127079952633,1.0080481332151605,0.4733326967661561,0.7767135303699555,0.8332480812305479,-1.1787439593251672,1.0080322575483707,0.9960079680956174,-0.4424133870541522,-1.0774102080672994,-0.8434694552364144
-0.7534424780137948,-0.6154127079952633,1.0080481332151605,-1.1838922738907598,-0.42226470726691084,-1.0872060626217008,0.052963417190159075,-0.9920317455237934,0.9960079680956174,-0.4424133870541522,-0.8024492614481096,-0.25934933388155673
-0.7499783746666049,1.6085086043863737,1.0080481332151605,1.545654736602984,1.6098270851985135,2.639002019957136,1.2846707937054853,1.0080322575483707,-1.0040080320963853,-0.4424133870541522,0.394439565011893,0.32477078747330085
-0.7465142713194151,-0.3853518825764732,1.0080481332151605,1.058235627586244,-0.6267962889814351,0.5029114904686456,0.052963417190159075,1.0080322575483707,0.9960079680956174,-0.4424133870541522,-1.0450618614062182,0.9088909088281585
-0.7430501679722252,0.764952244517477,-0.9841418533760657,1.448170914799636,0.7542326884142647,1.8531350081339324,0.052963417190159075,1.0080322575483707,-1.0040080320963853,1.337922174531973,1.2193224048694624,0.32477078747330085
-0.7395860646250353,0.22814365187363356,1.0080481332151605,1.7406223802096799,-0.48706242819802087,1.113163826672909,0.052963417190159075,-0.9920317455237934,0.9960079680956174,1.337922174531973,1.2193224048694624,0.32477078747330085
-0.7361219612778455,-0.9221604752203166,-0.9841418533760657,-0.06282832315225785,1.697987249730636,0.6357642497968021,0.052963417190159075,-0.9920317455237934,0.9960079680956174,-0.4424133870541522,-1.2553261147032455,-0.8434694552364144
-0.7326578579306556,-0.99884741702658,1.0080481332151605,-0.9889246302840637,-0.45973277719306266,-0.9435552107560852,0.052963417190159075,1.0080322575483707,0.9960079680956174,0.44775439373891035,-0.5921850081510821,-1.4275895765912718
-0.7291937545834657,0.8416391863237404,-0.9841418533760657,1.25320327119294,1.3202209447104907,2.057905058547743,1.2846707937054853,1.0080322575483707,0.9960079680956174,1.337922174531973,-0.39809492818459513,0.32477078747330085
-0.7257296512362759,1.455134720773847,-0.9841418533760657,0.717042251274526,-0.792537398301825,0.15817044374039055,1.2846707937054853,1.0080322575483707,-1.0040080320963853,-0.4424133870541522,1.2193224048694624,1.493011030183016
-0.722265547889086,0.38151753548616024,-0.9841418533760657,-0.014086412250583855,-1.1570796786421518,-0.4914211756314565,0.052963417190159075,1.0080322575483707,0.9960079680956174,1.337922174531973,0.6694005116310828,-0.8434694552364144
-0.7188014445418962,-0.99884741702658,1.0080481332151605,-0.9889246302840637,0.05908979107847817,-0.8508763951270905,0.052963417190159075,-0.9920317455237934,0.9960079680956174,1.337922174531973,-1.012713514745137,1.493011030183016
-0.7153373411947063,-1.0755343588328432,1.0080481332151605,0.8145260730778741,-0.3138277048923998,0.5209695547996421,1.2846707937054853,-0.9920317455237934,0.9960079680956174,1.337922174531973,-0.6892300481343255,-0.8434694552364144
-0.7118732378475164,-0.6920996498015266,-0.9841418533760657,0.7657841621762,-0.2507931872519325,0.520376368384118,1.2846707937054853,1.0080322575483707,-1.0040080320963853,1.337922174531973,-1.3847195013475702,0.9088909088281585
-0.7084091345003266,1.3017608371613203,-0.9841418533760657,-1.3301180065957816,0.9248226067839214,-1.071625732698911,-1.1787439593251672,-0.9920317455237934,0.9960079680956174,0.44775439373891035,-1.6111579279751382,-0.8434694552364144
-0.7049450311531367,-0.3853518825764732,-0.9841418533760657,-0.5015055212673238,0.7246990332960036,-0.21952657039193313,1.2846707937054853,1.0080322575483707,-1.0040080320963853,0.44775439373891035,1.2193224048694624,0.32477078747330085
-0.7014809278059468,0.534891419098687,1.0080481332151605,-0.20905405585727982,-1.564379638780558,-0.7571266942877691,1.2846707937054853,-0.9920317455237934,-1.0040080320963853,0.44775439373891035,-0.5113141414983792,-0.25934933388155673
-0.698016824458757,1.5318216625801104,1.0080481332151605,-1.5738275611041517,0.6338940638279172,-1.3501608761299198,1.2846707937054853,1.0080322575483707,-1.0040080320963853,0.44775439373891035,0.7017488582921639,1.493011030183016
-0.6945527211115672,0.4582044772924236,1.0080481332151605,-1.0864084520874118,-0.3217621197002911,-0.9964747882330547,-1.1787439593251672,1.0080322575483707,-1.0040080320963853,-1.3325811678472146,-0.042263114912702515,1.493011030183016
-0.6910886177643772,-1.5356560096704233,-0.9841418533760657,-0.7939569866773677,1.4586324030259232,-0.3609306630907851,1.2846707937054853,-0.9920317455237934,-1.0040080320963853,1.337922174531973,0.7017488582921639,0.9088909088281585
-0.6876245144171874,-0.4620388243827365,-0.9841418533760657,-1.4763437393008036,0.9323162207691518,-1.2320642850675863,-1.1787439593251672,1.0080322575483707,0.9960079680956174,-0.4424133870541522,-0.09078563490432424,0.9088909088281585
-0.6841604110699976,0.995013069936267,-0.9841418533760657,-0.8914408084807157,-0.04009039402015966,-0.7843187795303743,0.052963417190159075,1.0080322575483707,-1.0040080320963853,0.44775439373891035,1.6075025648024361,1.493011030183016
-0.6806963077228076,-0.30866494077020984,-0.9841418533760657,-0.6964731648740198,1.154920636212761,-0.3169141312839813,0.052963417190159075,-0.9920317455237934,-1.0040080320963853,0.44775439373891035,-1.2229777680421645,1.493011030183016
-0.6772322043756178,-1.22890824244537,1.0080481332151605,1.204461360291266,1.5234301239570331,2.144767497642219,-1.1787439593251672,-0.9920317455237934,0.9960079680956174,0.44775439373891035,1.6560250847940579,-1.4275895765912718
-0.673768101028428,-1.5356560096704233,-0.9841418533760657,-0.9889246302840637,-1.6604742181205714,-1.158047219059723,-1.1787439593251672,-0.9920317455237934,-1.0040080320963853,-1.3325811678472146,-1.0612360347367586,0.9088909088281585
-0.6703039976812382,1.0717000117425304,1.0080481332151605,1.350687092996288,1.2717328542178237,2.138200451573011,0.052963417190159075,1.0080322575483707,0.9960079680956174,1.337922174531973,0.47531043166459586,-1.4275895765912718
-0.6668398943340482,1.3784477789675837,-0.9841418533760657,-1.3788599174974556,1.55693098647924,-1.0725601325392937,-1.1787439593251672,-0.9920317455237934,0.9960079680956174,1.337922174531973,0.5561812983172988,-0.25934933388155673
-0.6633757909868584,1.1483869535487936,1.0080481332151605,-0.11157023405393184,-0.1978970885326589,-0.17213989983498407,0.052963417190159075,-0.9920317455237934,0.9960079680956174,1.337922174531973,1.2193224048694624,0.32477078747330085
-0.6599116876396686,-1.22890824244537,1.0080481332151605,1.0094937166845699,1.0469244346609115,1.5839596114186694,0.052963417190159075,1.0080322575483707,0.9960079680956174,1.337922174531973,0.8473164182670291,-0.8434694552364144
-0.6564475842924786,0.995013069936267,-0.9841418533760657,-0.3065378776606278,1.5000676803560207,0.2532325039060925,0.052963417190159075,-0.9920317455237934,-1.0040080320963853,1.337922174531973,0.054781925070540936,0.9088909088281585
-0.6529834809452888,0.4582044772924236,-0.9841418533760657,-0.9889246302840637,-0.9322712590852393,-1.0279661626288825,-1.1787439593251672,-0.9920317455237934,0.9960079680956174,-1.3325811678472146,-0.15548232822648653,-0.25934933388155673
-0.649519377598099,-0.4620388243827365,-0.9841418533760657,-1.6713113829074997,1.7037176604252238,-1.437747737572558,-1.1787439593251672,1.0080322575483707,0.9960079680956174,-1.3325811678472146,-1.2715002880337862,0.32477078747330085
-0.646055274250909,0.22814365187363356,1.0080481332151605,-0.7939569866773677,-1.410540151672004,-1.0101338241020235,-1.1787439593251672,-0.9920317455237934,-1.0040080320963853,1.337922174531973,1.2031482315389217,-0.25934933388155673
-0.6425911709037192,-0.0019171735451564745,1.0080481332151605,-0.11157023405393184,0.18383642389143146,-0.022121480517769982,0.052963417190159075,1.0080322575483707,0.9960079680956174,1.337922174531973,-1.6435062746362195,-0.8434694552364144
-0.6391270675565294,1.6851955461926371,1.0080481332151605,-0.45276361036564977,-0.8996519982083538,-0.6712301516575091,0.052963417190159075,1.0080322575483707,-1.0040080320963853,-1.3325811678472146,-1.2715002880337862,-1.4275895765912718
-0.6356629642093395,0.22814365187363356,-0.9841418533760657,0.42459078586448207,0.20587646502446208,0.4822707029833324,0.052963417190159075,1.0080322575483707,-1.0040080320963853,1.337922174531973,1.4781091781581115,-0.25934933388155673
-0.6321988608621496,1.3017608371613203,-0.9841418533760657,-1.2326341847924336,1.461277207961887,-0.9004835776642754,0.052963417190159075,1.0080322575483707,0.9960079680956174,0.44775439373891035,0.7502713782837857,0.9088909088281585
-0.6287347575149598,-1.45896906786416,-0.9841418533760657,-0.6477312539723458,0.3791111883300831,-0.46380388596710403,0.052963417190159075,1.0080322575483707,-1.0040080320963853,0.44775439373891035,-1.4332420213391919,0.32477078747330085
-0.62527065416777,-0.99884741702658,-0.9841418533760657,-0.4040216994639758,1.154920636212761,0.021296615436204314,0.052963417190159075,-0.9920317455237934,-1.0040080320963853,-1.3325811678472146,1.235496578200003,1.493011030183016
-0.62180655082058,0.6882653027112137,1.0080481332151605,-0.3552797885623018,0.4985682112711089,-0.14119446691893067,0.052963417190159075,1.0080322575483707,0.9960079680956174,1.337922174531973,1.688373431455139,1.493011030183016
-0.6183424474733902,0.764952244517477,-0.9841418533760657,0.18088123135611212,-0.13662577418283373,0.09786490797455123,-1.1787439593251672,1.0080322575483707,0.9960079680956174,1.337922174531973,0.36209121835081187,0.9088909088281585
-0.6148783441262003,-0.30866494077020984,-0.9841418533760657,1.399429003897962,-0.760799739070261,0.6468300636368429,0.052963417190159075,-0.9920317455237934,-1.0040080320963853,-0.4424133870541522,1.073754844894597,0.32477078747330085
-0.6114142407790105,1.5318216625801104,-0.9841418533760657,1.399429003897962,0.7269030374093065,1.7807085216296423,-1.1787439593251672,-0.9920317455237934,0.9960079680956174,1.337922174531973,-1.4979387146613543,0.9088909088281585
-0.6079501374318206,-0.2319779989639465,-0.9841418533760657,-1.4276018283991296,-0.34997337235057036,-1.2699704718507623,-1.1787439593251672,-0.9920317455237934,-1.0040080320963853,-1.3325811678472146,0.8634905915975697,-0.25934933388155673
-0.6044860340846308,0.8416391863237404,1.0080481332151605,1.0094937166845699,1.490810863080148,1.8799858799516784,-1.1787439593251672,1.0080322575483707,0.9960079680956174,-0.4424133870541522,-1.6111579279751382,-0.8434694552364144
-0.6010219307374409,-0.3853518825764732,1.0080481332151605,-0.4040216994639758,1.1897439012029498,0.032493665208883166,-1.1787439593251672,-0.9920317455237934,-1.0040080320963853,-0.4424133870541522,0.5238329516562176,1.493011030183016
-0.597557827390251,1.5318216625801104,1.0080481332151605,-0.9889246302840637,-0.4751608059861839,-0.9463111653414844,-1.1787439593251672,1.0080322575483707,-1.0040080320963853,-0.4424133870541522,0.7664455516143263,-0.8434694552364144
-0.5940937240430612,1.1483869535487936,-0.9841418533760657,1.49691282570131,0.5624843305568978,1.7540203823683673,1.2846707937054853,-0.9920317455237934,0.9960079680956174,-0.4424133870541522,-1.4170678480086514,1.493011030183016
-0.5906296206958713,0.3048305936798969,-0.9841418533760657,0.7657841621762,-1.0459978713316773,0.03740713852685179,-1.1787439593251672,1.0080322575483707,0.9960079680956174,-1.3325811678472146,0.8473164182670291,-0.25934933388155673
-0.5871655173486814,0.4582044772924236,1.0080481332151605,1.0094937166845699,-0.7378780962919093,0.3936811990153393,0.052963417190159075,-0.9920317455237934,-1.0040080320963853,-1.3325811678472146,-1.1906294213810833,-1.4275895765912718
-0.5837014140014916,1.6085086043863737,-0.9841418533760657,0.8145260730778741,0.127413918590873,0.7942132654266849,-1.1787439593251672,1.0080322575483707,-1.0040080320963853,0.44775439373891035,-0.6568817014732443,-0.8434694552364144
-0.5802373106543017,1.225073895355057,-0.9841418533760657,-0.45276361036564977,-1.5590900289086305,-0.8754122650931013,1.2846707937054853,-0.9920317455237934,0.9960079680956174,-0.4424133870541522,1.1061031915556783,-1.4275895765912718
-0.5767732073071119,1.5318216625801104,1.0080481332151605,-1.6713113829074997,0.04586576639865992,-1.4574908712786272,-1.1787439593251672,1.0080322575483707,-1.0040080320963853,-1.3325811678472146,-1.0612360347367586,-0.8434694552364144
-0.573309103959922,-1.3055951842516333,-0.9841418533760657,1.106977538487918,0.08906424701940013,1.0325167213481716,-1.1787439593251672,1.0080322575483707,-1.0040080320963853,-1.3325811678472146,1.0575806715640566,-0.25934933388155673
-0.5698450006127321,1.3017608371613203,-0.9841418533760657,-0.11157023405393184,1.3352081726809517,0.4303590174690232,0.052963417190159075,1.0080322575483707,0.9960079680956174,-1.3325811678472146,0.5076587783256771,1.493011030183016
-0.5663808972655423,-1.6123429514766867,-0.9841418533760657,-1.0376665411857378,-1.0442346680410348,-1.0781455338323693,-1.1787439593251672,-0.9920317455237934,0.9960079680956174,-1.3325811678472146,-0.10695980823486481,-0.25934933388155673
-0.5629167939183524,-0.4620388243827365,1.0080481332151605,-0.3552797885623018,0.4249544738867865,-0.16574083575955245,-1.1787439593251672,1.0080322575483707,-1.0040080320963853,1.337922174531973,-0.20400484821810827,0.32477078747330085
-0.5594526905711625,-0.0019171735451564745,-0.9841418533760657,-0.45276361036564977,-0.8044390205136617,-0.6417493117496962,0.052963417190159075,-0.9920317455237934,-1.0040080320963853,-1.3325811678472146,-0.10695980823486481,-1.4275895765912718
-0.5559885872239727,-1.3822821260578966,-0.9841418533760657,-0.06282832315225785,-1.549392410810097,-0.6791043076157924,0.052963417190159075,-0.9920317455237934,-1.0040080320963853,1.337922174531973,-1.6920287946278412,1.493011030183016
-0.5525244838767829,1.6085086043863737,-0.9841418533760657,1.399429003897962,0.9508298553208976,1.9513782273067806,0.052963417190159075,1.0080322575483707,-1.0040080320963853,-1.3325811678472146,1.3487157915137868,0.32477078747330085
-0.5490603805295929,0.22814365187363356,1.0080481332151605,0.13213932045443813,1.3193393430651696,0.7157551754583498,1.2846707937054853,1.0080322575483707,-1.0040080320963853,-0.4424133870541522,1.2031482315389217,0.32477078747330085
-0.5455962771824031,-1.1522213006391067,1.0080481332151605,0.668300340372852,-1.6322629654702923,-0.3650147253144815,-1.1787439593251672,1.0080322575483707,-1.0040080320963853,-1.3325811678472146,1.1222773648862188,-0.8434694552364144
-0.5421321738352133,-0.6154127079952633,-0.9841418533760657,-1.0864084520874118,0.6272820514880079,-0.8495482874887934,-1.1787439593251672,1.0080322575483707,-1.0040080320963853,-1.3325811678472146,-1.5626354079835165,0.9088909088281585
-0.5386680704880233,-0.76878659160779,1.0080481332151605,-0.16031214495560583,0.8754529146459331,0.19663832031525746,-1.1787439593251672,1.0080322575483707,-1.0040080320963853,-1.3325811678472146,-1.4979387146613543,-0.25934933388155673
-0.5352039671408335,1.5318216625801104,-0.9841418533760657,-0.7939569866773677,-1.3660192685832822,-1.0000601539127263,0.052963417190159075,-0.9920317455237934,0.9960079680956174,-1.3325811678472146,1.4457608314970303,-0.8434694552364144
-0.5317398637936437,1.225073895355057,-0.9841418533760657,0.912009894881222,-1.0512874812036048,0.12447955511354902,-1.1787439593251672,-0.9920317455237934,-1.0040080320963853,-1.3325811678472146,-0.8671459547702718,-1.4275895765912718
-0.5282757604464539,1.6085086043863737,1.0080481332151605,-0.7452150757756938,-0.952988897750288,-0.875338772970824,1.2846707937054853,1.0080322575483707,0.9960079680956174,1.337922174531973,-1.3847195013475702,-0.25934933388155673
-0.5248116570992639,0.8416391863237404,-0.9841418533760657,0.03465549865109014,-1.1830869271791278,-0.4737358213491521,1.2846707937054853,-0.9920317455237934,0.9960079680956174,0.44775439373891035,1.575154218141355,0.32477078747330085
-0.5213475537520741,0.38151753548616024,-0.9841418533760657,0.619558429471178,-1.0257210334892894,-0.041476155863230585,0.052963417190159075,-0.9920317455237934,0.9960079680956174,0.44775439373891035,-0.1878306748875677,0.9088909088281585
-0.5178834504048843,0.534891419098687,-0.9841418533760657,-0.6964731648740198,0.5236938581627641,-0.47477520993564554,0.052963417190159075,-0.9920317455237934,-1.0040080320963853,-1.3325811678472146,0.5400071249867582,0.32477078747330085
-0.5144193470576943,0.9183261281300037,1.0080481332151605,0.08339740955276413,0.29271422708860273,0.20506891662792612,0.052963417190159075,-0.9920317455237934,0.9960079680956174,-1.3325811678472146,0.03860775174000036,0.9088909088281585
-0.5109552437105045,-0.6920996498015266,1.0080481332151605,0.18088123135611212,-0.0793216672369542,0.12447955511354902,1.2846707937054853,-0.9920317455237934,-1.0040080320963853,1.337922174531973,0.8634905915975697,-0.8434694552364144
-0.5074911403633147,0.38151753548616024,-0.9841418533760657,-1.6225694720058257,1.7081256686518302,-1.3747387415943748,-1.1787439593251672,-0.9920317455237934,0.9960079680956174,0.44775439373891035,1.3487157915137868,0.32477078747330085
-0.5040270370161247,-0.9221604752203166,-0.9841418533760657,-1.5738275611041517,-0.001299921626025325,-1.3728541936016925,-1.1787439593251672,1.0080322575483707,-1.0040080320963853,-1.3325811678472146,0.42678791167297414,-1.4275895765912718
-0.5005629336689349,0.995013069936267,1.0080481332151605,-1.4276018283991296,1.588227844888143,-1.131479816856475,1.2846707937054853,1.0080322575483707,0.9960079680956174,-1.3325811678472146,0.10330444506216266,1.493011030183016
-0.49709883032174507,-0.8454735334140533,-0.9841418533760657,1.106977538487918,-1.2990175435388691,0.07374899299298213,1.2846707937054853,-0.9920317455237934,0.9960079680956174,0.44775439373891035,1.1707998848778407,0.32477078747330085
-0.4936347269745552,0.6115783609049503,1.0080481332151605,0.5708165185695041,-1.0728867215139746,-0.0982750675089809,0.052963417190159075,-0.9920317455237934,0.9960079680956174,-1.3325811678472146,-0.899494301431353,0.9088909088281585
-0.49017062362736535,1.5318216625801104,-0.9841418533760657,0.42459078586448207,0.4505209216011026,0.6104619619841849,1.2846707937054853,-0.9920317455237934,0.9960079680956174,1.337922174531973,-1.2068035947116238,0.9088909088281585
-0.48670652028017547,-1.68902989328295,1.0080481332151605,-1.4763437393008036,0.3821967940887071,-1.2648207738540451,0.052963417190159075,-0.9920317455237934,-1.0040080320963853,-1.3325811678472146,1.6721992581245984,0.9088909088281585
-0.4832424169329856,-1.5356560096704233,-0.9841418533760657,-0.8426988975790417,-0.6880676033312603,-0.8810816573830653,0.052963417190159075,-0.9920317455237934,-1.0040080320963853,-0.4424133870541522,1.6075025648024361,-1.4275895765912718
-0.47977831358579576,0.22814365187363356,-0.9841418533760657,0.5708165185695041,-1.7808128427069185,-0.49451309420440903,0.052963417190159075,-0.9920317455237934,0.9960079680956174,-0.4424133870541522,1.575154218141355,0.32477078747330085
-0.4763142102386059,-0.2319779989639465,1.0080481332151605,-0.5989893430706718,-0.7603589382476005,-0.7287797328379491,1.2846707937054853,1.0080322575483707,-1.0040080320963853,-1.3325811678472146,-1.546461234652976,-1.4275895765912718
-0.47285010689141604,-1.6123429514766867,1.0080481332151605,-0.5502474321689977,0.3046158493004397,-0.3908367074203453,0.052963417190159075,1.0080322575483707,0.9960079680956174,-1.3325811678472146,-1.65968044796676,-0.8434694552364144
-0.46938600354422616,0.3048305936798969,-0.9841418533760657,0.4733326967661561,-0.8630655299275232,-0.045507723713871566,-1.1787439593251672,1.0080322575483707,0.9960079680956174,1.337922174531973,1.1546257115473,0.32477078747330085
-0.46592190019703633,-0.5387257661889999,-0.9841418533760657,-0.25779596675895383,0.01148330223113209,-0.21810922231944224,-1.1787439593251672,-0.9920317455237934,0.9960079680956174,-0.4424133870541522,1.2193224048694624,-0.8434694552364144
-0.46245779684984645,-0.0019171735451564745,1.0080481332151605,-1.2326341847924336,1.5507597749619912,-0.8898272199340653,-1.1787439593251672,1.0080322575483707,0.9960079680956174,1.337922174531973,-0.9156684747618935,-0.8434694552364144
-0.45899369350265656,-1.0755343588328432,-0.9841418533760657,-0.9889246302840637,-1.3664600694059428,-1.1055265988179734,0.052963417190159075,1.0080322575483707,0.9960079680956174,-1.3325811678472146,1.1869740582083812,-1.4275895765912718
-0.45552959015546673,-1.3822821260578966,-0.9841418533760657,1.155719449389592,1.507120493518591,2.07255098863015,0.052963417190159075,-0.9920317455237934,-1.0040080320963853,-0.4424133870541522,1.4134124848359493,-0.25934933388155673
-0.45206548680827685,0.4582044772924236,-0.9841418533760657,0.4733326967661561,-0.7841621826712735,-0.0032235062178899935,-1.1787439593251672,1.0080322575483707,0.9960079680956174,0.44775439373891035,0.34591704502027126,-1.4275895765912718
-0.448601383461087,-1.68902989328295,1.0080481332151605,-1.1838922738907598,0.27904940158612423,-0.9953356603377563,-1.1787439593251672,1.0080322575483707,-1.0040080320963853,-1.3325811678472146,0.734097204953245,0.9088909088281585
-0.44513728011389714,-0.3853518825764732,-0.9841418533760657,-0.5502474321689977,0.7335150497492153,-0.2682518474617905,0.052963417190159075,-0.9920317455237934,0.9960079680956174,-1.3325811678472146,-0.8671459547702718,-0.25934933388155673
-0.44167317676670725,0.995013069936267,1.0080481332151605,1.6431385584063318,-0.2353651584588107,1.2463577994259245,0.052963417190159075,1.0080322575483707,0.9960079680956174,-1.3325811678472146,0.8473164182670291,-1.4275895765912718
-0.4382090734195174,-0.0019171735451564745,1.0080481332151605,-0.5502474321689977,0.608768416936262,-0.3039060256408972,0.052963417190159075,1.0080322575483707,0.9960079680956174,0.44775439373891035,-1.4332420213391919,1.493011030183016
-0.43474497007232754,1.3784477789675837,-0.9841418533760657,-0.11157023405393184,-0.6576523465676775,-0.35282028245375335,0.052963417190159075,-0.9920317455237934,0.9960079680956174,-0.4424133870541522,-0.28487571487081115,0.9088909088281585
-0.4312808667251377,0.6882653027112137,1.0080481332151605,0.4733326967661561,0.6294860556013108,0.7543490385285488,-1.1787439593251672,1.0080322575483707,-1.0040080320963853,-1.3325811678472146,-0.9156684747618935,-0.25934933388155673
-0.42781676337794783,0.764952244517477,1.0080481332151605,-1.4276018283991296,-1.2430358390609715,-1.3337826317366903,1.2846707937054853,-0.9920317455237934,-1.0040080320963853,0.44775439373891035,-0.9641909947535153,1.493011030183016
-0.424352660030758,1.3784477789675837,-0.9841418533760657,1.7893642911113539,-0.22037793048834972,1.3786436195250844,0.052963417190159075,-0.9920317455237934,0.9960079680956174,-0.4424133870541522,1.6236767381329766,-0.25934933388155673
-0.4208885566835681,0.764952244517477,-0.9841418533760657,0.13213932045443813,0.8088919904241804,0.4847589362661498,-1.1787439593251672,-0.9920317455237934,-1.0040080320963853,-0.4424133870541522,-1.4494161946697326,0.9088909088281585
-0.41742445333637823,0.07476976826110687,1.0080481332151605,1.6431385584063318,0.020740119507005304,1.456802491567005,-1.1787439593251672,-0.9920317455237934,-1.0040080320963853,-1.3325811678472146,-0.7215783947954066,1.493011030183016
-0.4139603499891884,0.8416391863237404,1.0080481332151605,1.5943966475046578,0.4756465684927572,1.7823253483197432,-1.1787439593251672,-0.9920317455237934,0.9960079680956174,0.44775439373891035,0.9928839782418942,-0.8434694552364144
-0.4104962466419985,0.995013069936267,-0.9841418533760657,-1.1351503629890858,1.0010811491042075,-0.8462148947997867,-1.1787439593251672,1.0080322575483707,-1.0040080320963853,-1.3325811678472146,-1.320022808025408,-0.25934933388155673
-0.4070321432948087,0.3048305936798969,1.0080481332151605,0.5220746076678301,0.27904940158612423,0.6124882447841166,1.2846707937054853,1.0080322575483707,0.9960079680956174,1.337922174531973,-0.4304432748456763,-0.25934933388155673
-0.4035680399476188,1.6085086043863737,-0.9841418533760657,0.717042251274526,-0.7334700880653028,0.19334167368738941,1.2846707937054853,-0.9920317455237934,0.9960079680956174,0.44775439373891035,0.03860775174000036,-1.4275895765912718
-0.4001039366004289,-0.6920996498015266,1.0080481332151605,-0.9401827193823897,0.40908564427100447,-0.7408691869525669,-1.1787439593251672,1.0080322575483707,0.9960079680956174,1.337922174531973,-0.5274883148289198,0.32477078747330085
-0.3966398332532391,0.534891419098687,-0.9841418533760657,1.7893642911113539,0.20587646502446208,1.7441304424847632,0.052963417190159075,-0.9920317455237934,0.9960079680956174,0.44775439373891035,-0.46279162150675746,1.493011030183016
-0.3931757299060492,1.3017608371613203,-0.9841418533760657,1.106977538487918,-1.0927227585337023,0.21623971921407728,-1.1787439593251672,1.0080322575483707,-1.0040080320963853,-0.4424133870541522,-0.8024492614481096,-0.8434694552364144
-0.3897116265588594,0.6882653027112137,-0.9841418533760657,-1.6225694720058257,-0.7832805810259524,-1.4340783808959978,-1.1787439593251672,-0.9920317455237934,0.9960079680956174,-0.4424133870541522,-0.10695980823486481,-0.8434694552364144
-0.3862475232116695,0.3048305936798969,-0.9841418533760657,-1.3301180065957816,1.5018308836466634,-1.016653625235482,0.052963417190159075,1.0080322575483707,0.9960079680956174,0.44775439373891035,0.4106137383424336,1.493011030183016
-0.38278341986447967,-0.9221604752203166,-0.9841418533760657,-1.4276018283991296,0.23761412425602615,-1.2279854722811956,1.2846707937054853,1.0080322575483707,-1.0040080320963853,-0.4424133870541522,-1.158281074720002,-1.4275895765912718
-0.3793193165172898,0.4582044772924236,-0.9841418533760657,1.0094937166845699,1.6785920135335692,2.005216456312217,0.052963417190159075,1.0080322575483707,0.9960079680956174,1.337922174531973,-0.8671459547702718,1.493011030183016
-0.3758552131700999,0.534891419098687,-0.9841418533760657,1.25320327119294,1.0632340650993537,1.8712193196514564,0.052963417190159075,1.0080322575483707,-1.0040080320963853,0.44775439373891035,-1.2553261147032455,-0.25934933388155673
-0.37239110982291007,0.4582044772924236,1.0080481332151605,0.08339740955276413,0.014568907989756703,0.08251030385589873,1.2846707937054853,1.0080322575483707,0.9960079680956174,-1.3325811678472146,-1.0612360347367586,-0.25934933388155673
-0.3689270064757202,-0.5387257661889999,-0.9841418533760657,0.8632679839795481,1.1593286444393676,1.4896587196622681,-1.1787439593251672,-0.9920317455237934,0.9960079680956174,0.44775439373891035,-1.0288876880756777,0.32477078747330085
-0.36546290312853036,1.225073895355057,-0.9841418533760657,0.668300340372852,0.9896203277150313,1.1649442762545803,1.2846707937054853,1.0080322575483707,-1.0040080320963853,0.44775439373891035,-0.5436624881594603,-0.8434694552364144
-0.3619987997813405,-1.1522213006391067,-0.9841418533760657,1.0094937166845699,-0.8220710534200861,0.33753321759547367,1.2846707937054853,-0.9920317455237934,0.9960079680956174,0.44775439373891035,1.4781091781581115,-0.8434694552364144
-0.3585346964341506,0.8416391863237404,1.0080481332151605,1.350687092996288,1.0570628535821052,1.9771424656022836,0.052963417190159075,1.0080322575483707,-1.0040080320963853,0.44775439373891035,-0.4466174481762169,0.32477078747330085
-0.35507059308696076,-1.5356560096704233,-0.9841418533760657,0.4733326967661561,-0.8123734353215527,-0.018341885657794082,1.2846707937054853,1.0080322575483707,0.9960079680956174,1.337922174531973,0.394439565011893,-0.25934933388155673
-0.3516064897397709,0.995013069936267,1.0080481332151605,-1.1351503629890858,1.3457873924248063,-0.7969541751247662,0.052963417190159075,1.0080322575483707,-1.0040080320963853,-0.4424133870541522,-1.0288876880756777,-0.25934933388155673
-0.34814238639258105,-1.6123429514766867,1.0080481332151605,-0.06282832315225785,-1.7530423908793002,-0.7615624688109354,0.052963417190159075,1.0080322575483707,0.9960079680956174,-0.4424133870541522,-1.2715002880337862,-1.4275895765912718
-0.34467828304539117,1.0717000117425304,1.0080481332151605,-1.5738275611041517,0.9768371038578739,-1.337908689458831,0.052963417190159075,-0.9920317455237934,-1.0040080320963853,-0.4424133870541522,0.5238329516562176,-0.25934933388155673
-0.34121417969820134,-0.76878659160779,-0.9841418533760657,-1.6225694720058257,-1.3669008702286034,-1.4479788908810207,1.2846707937054853,-0.9920317455237934,-1.0040080320963853,-0.4424133870541522,0.5723554716478393,0.9088909088281585
-0.33775007635101145,-0.30866494077020984,1.0080481332151605,-1.1351503629890858,-1.6318221646476316,-1.2224735631103973,0.052963417190159075,-0.9920317455237934,0.9960079680956174,-0.4424133870541522,-0.22017902154864882,-1.4275895765912718
-0.33428597300382157,1.1483869535487936,1.0080481332151605,0.3758488749628081,1.0054891573308133,0.8466708924207681,1.2846707937054853,1.0080322575483707,0.9960079680956174,-1.3325811678472146,-0.3495724081929734,-1.4275895765912718
-0.33082186965663174,-0.6920996498015266,-0.9841418533760657,0.13213932045443813,0.14901315890124342,0.18613944570421304,1.2846707937054853,1.0080322575483707,-1.0040080320963853,-0.4424133870541522,-0.20400484821810827,0.9088909088281585
-0.32735776630944186,1.3784477789675837,1.0080481332151605,1.5943966475046578,1.7063624653611875,2.7789625173969696,-1.1787439593251672,-0.9920317455237934,-1.0040080320963853,-1.3325811678472146,0.9767098049113537,1.493011030183016
-0.323893662962252,-0.99884741702658,1.0080481332151605,-0.4040216994639758,1.2122247431586413,0.039722140378587255,0.052963417190159075,-0.9920317455237934,0.9960079680956174,-0.4424133870541522,0.3782653916813524,0.9088909088281585
-0.32042955961506214,0.15145671006737021,-0.9841418533760657,0.7657841621762,0.33811671182264585,0.8780520286331802,0.052963417190159075,1.0080322575483707,-1.0040080320963853,-1.3325811678472146,1.0575806715640566,1.493011030183016
-0.31696545626787226,-0.76878659160779,1.0080481332151605,0.668300340372852,-1.691330275706814,-0.3994825306625403,0.052963417190159075,-0.9920317455237934,0.9960079680956174,-0.4424133870541522,0.11947861839270324,1.493011030183016
-0.31350135292068243,1.6085086043863737,1.0080481332151605,-1.3301180065957816,-0.5897690198779435,-1.2159222653531054,0.052963417190159075,1.0080322575483707,-1.0040080320963853,-1.3325811678472146,1.5913283914718956,0.9088909088281585
-0.31003724957349255,1.3784477789675837,1.0080481332151605,-1.2813760956941076,0.513114638418909,-1.0621242511759155,-1.1787439593251672,-0.9920317455237934,0.9960079680956174,0.44775439373891035,1.6721992581245984,-1.4275895765912718
-0.3065731462263027,-1.0755343588328432,-0.9841418533760657,1.7406223802096799,-0.9283040516812939,0.7400810679321398,0.052963417190159075,1.0080322575483707,-1.0040080320963853,-1.3325811678472146,1.1222773648862188,-0.8434694552364144
-0.30310904287911283,0.3048305936798969,-0.9841418533760657,-1.1838922738907598,-0.5655249746316099,-1.1059728009889427,1.2846707937054853,-0.9920317455237934,0.9960079680956174,0.44775439373891035,-1.1097585547283804,0.32477078747330085
-0.299644939531923,1.225073895355057,1.0080481332151605,-0.3552797885623018,-1.1037427791002177,-0.675482195874982,0.052963417190159075,-0.9920317455237934,-1.0040080320963853,1.337922174531973,1.0090581515724348,-0.25934933388155673
-0.2961808361847331,-0.99884741702658,1.0080481332151605,1.106977538487918,-1.6304997621796498,-0.1552104645246749,1.2846707937054853,1.0080322575483707,0.9960079680956174,-1.3325811678472146,-0.6730558748037849,-1.4275895765912718
-0.29271673283754324,-0.6154127079952633,-0.9841418533760657,-0.11157023405393184,0.9517114569662186,0.2796476724274801,0.052963417190159075,-0.9920317455237934,0.9960079680956174,-1.3325811678472146,-0.5274883148289198,-1.4275895765912718
-0.2892526294903534,1.455134720773847,1.0080481332151605,-0.20905405585727982,-1.2597862703220744,-0.6446784977661777,1.2846707937054853,1.0080322575483707,0.9960079680956174,0.44775439373891035,1.6560250847940579,-0.8434694552364144
-0.2857885261431635,1.0717000117425304,1.0080481332151605,0.5708165185695041,0.4831401824779877,0.7726590758502104,-1.1787439593251672,1.0080322575483707,0.9960079680956174,-0.4424133870541522,1.6236767381329766,-0.25934933388155673
-0.2823244227959737,0.9183261281300037,1.0080481332151605,-0.8426988975790417,1.4370331627155533,-0.42554598688445816,0.052963417190159075,-0.9920317455237934,0.9960079680956174,-0.4424133870541522,-0.05843728824324309,1.493011030183016
-0.2788603194487838,-1.22890824244537,1.0080481332151605,-1.5250856502024777,1.5847014383068583,-1.2547051081663037,0.052963417190159075,1.0080322575483707,-1.0040080320963853,1.337922174531973,-0.9641909947535153,-0.8434694552364144
-0.2753962161015939,0.6115783609049503,1.0080481332151605,1.7406223802096799,1.2148695480946043,2.5521973246730205,-1.1787439593251672,1.0080322575483707,0.9960079680956174,1.337922174531973,0.31356869835919016,-0.8434694552364144
-0.2719321127544041,-1.45896906786416,1.0080481332151605,-0.16031214495560583,1.1121629564146818,0.2868446509733511,1.2846707937054853,-0.9920317455237934,0.9960079680956174,-0.4424133870541522,-0.3495724081929734,1.493011030183016
-0.2684680094072142,0.3048305936798969,-0.9841418533760657,1.106977538487918,-0.2574051995918413,0.7932053734640245,0.052963417190159075,-0.9920317455237934,0.9960079680956174,1.337922174531973,-1.1744552480505428,0.9088909088281585
-0.2650039060600244,-1.22890824244537,1.0080481332151605,0.912009894881222,1.141255810710282,1.534457417627595,1.2846707937054853,-0.9920317455237934,0.9960079680956174,-0.4424133870541522,-0.9156684747618935,-0.25934933388155673
-0.2615398027128345,-0.2319779989639465,1.0080481332151605,0.619558429471178,1.6270183172822774,1.4748973019591396,1.2846707937054853,-0.9920317455237934,-1.0040080320963853,1.337922174531973,-0.9641909947535153,1.493011030183016
-0.2580756993656447,1.6851955461926371,1.0080481332151605,-0.9889246302840637,1.2915688912375514,-0.6307149945334886,1.2846707937054853,1.0080322575483707,-1.0040080320963853,-0.4424133870541522,1.5104575248191927,1.493011030183016
-0.2546115960184548,-1.1522213006391067,1.0080481332151605,-0.3065378776606278,0.29844463778319114,-0.16175651284466103,-1.1787439593251672,-0.9920317455237934,-1.0040080320963853,-1.3325811678472146,1.381064138174868,0.32477078747330085
-0.2511474926712649,0.22814365187363356,-0.9841418533760657,0.5220746076678301,1.6746248061296236,1.3769952962111502,1.2846707937054853,1.0080322575483707,-1.0040080320963853,1.337922174531973,1.3648899648443276,-0.25934933388155673
-0.24768338932407508,0.07476976826110687,-0.9841418533760657,-1.6225694720058257,1.4731788301737232,-1.3803346417620617,0.052963417190159075,-0.9920317455237934,-1.0040080320963853,1.337922174531973,-1.4979387146613543,0.32477078747330085
-0.2442192859768852,-0.15529105715768315,1.0080481332151605,0.960751805782896,0.7881743517591316,1.35939918236304,-1.1787439593251672,-0.9920317455237934,-1.0040080320963853,1.337922174531973,-0.9156684747618935,-0.25934933388155673
-0.24075518262969534,-0.76878659160779,-0.9841418533760657,-0.9889246302840637,0.3460511266305372,-0.7996156398386659,1.2846707937054853,-0.9920317455237934,0.9960079680956174,1.337922174531973,-0.7215783947954066,1.493011030183016
-0.23729107928250548,-0.3853518825764732,1.0080481332151605,-0.5502474321689977,-0.21729232472972573,-0.5400047178940646,0.052963417190159075,-0.9920317455237934,0.9960079680956174,-0.4424133870541522,-1.5626354079835165,0.32477078747330085
-0.23382697593531562,0.764952244517477,1.0080481332151605,1.399429003897962,1.1967967143655194,2.13884613236159,0.052963417190159075,-0.9920317455237934,-1.0040080320963853,-0.4424133870541522,0.20034948504540612,-1.4275895765912718
-0.23036287258812577,1.455134720773847,1.0080481332151605,1.6431385584063318,-0.30853809502047225,1.186230744528473,0.052963417190159075,-0.9920317455237934,-1.0040080320963853,1.337922174531973,-0.365746581523514,0.9088909088281585
-0.2268987692409359,-1.6123429514766867,1.0080481332151605,-0.8426988975790417,0.10272907252187922,-0.7115668279131417,-1.1787439593251672,1.0080322575483707,-1.0040080320963853,-1.3325811678472146,-1.3847195013475702,0.9088909088281585
-0.22343466589374603,0.6882653027112137,1.0080481332151605,1.545654736602984,-1.5930316922534977,0.08346045200819824,0.052963417190159075,1.0080322575483707,-1.0040080320963853,1.337922174531973,0.34591704502027126,0.9088909088281585
-0.21997056254655617,-1.3822821260578966,1.0080481332151605,1.5943966475046578,-1.338689617578324,0.31307083975174016,1.2846707937054853,1.0080322575483707,-1.0040080320963853,-1.3325811678472146,1.461935004827571,-0.8434694552364144
-0.2165064591993663,1.6851955461926371,-0.9841418533760657,-0.8914408084807157,-0.3177949122963455,-0.8405402530725172,1.2846707937054853,1.0080322575483707,-1.0040080320963853,1.337922174531973,-0.1878306748875677,-0.25934933388155673
-0.21304235585217646,0.3048305936798969,-0.9841418533760657,0.8145260730778741,-0.13706657500549455,0.6304308214943914,-1.1787439593251672,-0.9920317455237934,-1.0040080320963853,1.337922174531973,0.928187284919732,1.493011030183016
-0.2095782525049866,-0.4620388243827365,1.0080481332151605,0.960751805782896,1.5732406169176827,1.8736078136254692,0.052963417190159075,1.0080322575483707,-1.0040080320963853,-0.4424133870541522,-1.1744552480505428,0.32477078747330085
-0.20611414915779674,-0.99884741702658,1.0080481332151605,1.25320327119294,1.551200575784652,2.225698072581455,0.052963417190159075,-0.9920317455237934,-1.0040080320963853,-1.3325811678472146,1.5589800448108144,0.32477078747330085
-0.20265004581060686,1.3784477789675837,1.0080481332151605,0.8632679839795481,-0.741845303695855,0.28969509543024985,1.2846707937054853,1.0080322575483707,-1.0040080320963853,0.44775439373891035,-0.6245333548121632,0.32477078747330085
-0.199185942463417,0.22814365187363356,-0.9841418533760657,1.155719449389592,1.0685236749712812,1.764382771609468,1.2846707937054853,-0.9920317455237934,-1.0040080320963853,-1.3325811678472146,-0.8671459547702718,1.493011030183016
-0.19572183911622715,0.15145671006737021,-0.9841418533760657,-0.9401827193823897,-1.4242049771744831,-1.0901877430112374,-1.1787439593251672,1.0080322575483707,-1.0040080320963853,-1.3325811678472146,0.3297428716897307,-0.8434694552364144
-0.1922577357690373,-1.45896906786416,-0.9841418533760657,-0.5015055212673238,0.6691581296407662,-0.23606229790432812,0.052963417190159075,1.0080322575483707,0.9960079680956174,-0.4424133870541522,-1.3847195013475702,-0.8434694552364144
-0.18879363242184743,-1.6123429514766867,-0.9841418533760657,0.2783650531594601,-0.387882243099383,0.05716077110753196,0.052963417190159075,1.0080322575483707,-1.0040080320963853,1.337922174531973,1.688373431455139,1.493011030183016
-0.18532952907465755,-0.3853518825764732,-0.9841418533760657,-0.9401827193823897,0.5646883346702007,-0.7112203650509774,-1.1787439593251672,-0.9920317455237934,-1.0040080320963853,0.44775439373891035,-0.6407075281427038,-0.25934933388155673
-0.1818654257274677,-1.1522213006391067,-0.9841418533760657,0.8145260730778741,1.3576890146366432,1.5560746004517354,0.052963417190159075,-0.9920317455237934,-1.0040080320963853,0.44775439373891035,-1.2876744613643267,0.32477078747330085
-0.17840132238027784,0.4582044772924236,-0.9841418533760657,0.2783650531594601,1.3246289529370974,0.8933173923176388,1.2846707937054853,-0.9920317455237934,0.9960079680956174,1.337922174531973,-1.0935843813978399,-0.8434694552364144
-0.17493721903308798,0.6882653027112137,1.0080481332151605,-0.6477312539723458,1.3753210475430673,-0.20280186313653928,1.2846707937054853,-0.9920317455237934,-1.0040080320963853,1.337922174531973,1.0575806715640566,1.493011030183016
-0.17147311568589813,0.534891419098687,1.0080481332151605,1.204461360291266,-0.15866581531586435,0.942856332169852,-1.1787439593251672,1.0080322575483707,0.9960079680956174,1.337922174531973,-1.2876744613643267,1.493011030183016
-0.16800901233870827,0.15145671006737021,-0.9841418533760657,1.6918804693080058,0.7057445979215969,2.0706979372613006,-1.1787439593251672,-0.9920317455237934,0.9960079680956174,1.337922174531973,0.34591704502027126,0.32477078747330085
-0.16454490899151838,0.534891419098687,-0.9841418533760657,0.2783650531594601,-0.17365304328632533,0.16176105885736783,1.2846707937054853,-0.9920317455237934,0.9960079680956174,-0.4424133870541522,-1.3361969813559484,1.493011030183016
-0.16108080564432853,-0.99884741702658,1.0080481332151605,0.668300340372852,-1.4757786734257745,-0.27370076338492233,-1.1787439593251672,-0.9920317455237934,0.9960079680956174,0.44775439373891035,-1.3847195013475702,1.493011030183016
-0.15761670229713867,-0.07860411535141981,-0.9841418533760657,-0.9401827193823897,0.5721819486554313,-0.7097925181038753,0.052963417190159075,1.0080322575483707,0.9960079680956174,-0.4424133870541522,1.688373431455139,1.493011030183016
-0.15415259894994882,0.4582044772924236,-0.9841418533760657,0.18088123135611212,0.8088919904241804,0.5370065857680125,0.052963417190159075,-0.9920317455237934,-1.0040080320963853,-0.4424133870541522,-0.10695980823486481,-1.4275895765912718
-0.15068849560275896,-0.07860411535141981,1.0080481332151605,0.03465549865109014,0.3958616195911862,0.2031896180725492,-1.1787439593251672,-0.9920317455237934,0.9960079680956174,0.44775439373891035,-0.365746581523514,-0.25934933388155673
-0.1472243922555691,-1.5356560096704233,1.0080481332151605,-0.6964731648740198,-0.3274925303948789,-0.687645142111877,0.052963417190159075,1.0080322575483707,0.9960079680956174,-0.4424133870541522,-1.4817645413308136,-1.4275895765912718
-0.14376028890837922,-1.0755343588328432,-0.9841418533760657,-0.20905405585727982,1.59307665393741,0.40852660771535626,0.052963417190159075,-0.9920317455237934,-1.0040080320963853,-1.3325811678472146,0.6370521649700016,0.9088909088281585
-0.14029618556118936,-1.0755343588328432,1.0080481332151605,1.7406223802096799,-1.3166495764452935,0.4117235150344194,1.2846707937054853,-0.9920317455237934,0.9960079680956174,-1.3325811678472146,0.31356869835919016,0.9088909088281585
-0.1368320822139995,0.534891419098687,1.0080481332151605,0.5708165185695041,-0.15866581531586435,0.4134295821587141,0.052963417190159075,-0.9920317455237934,-1.0040080320963853,1.337922174531973,0.8473164182670291,-1.4275895765912718
-0.13336797886680965,0.8416391863237404,1.0080481332151605,0.3271069640611341,-1.4316985911597133,-0.426931838333116,0.052963417190159075,1.0080322575483707,0.9960079680956174,-0.4424133870541522,0.6370521649700016,0.9088909088281585
-0.1299038755196198,0.07476976826110687,1.0080481332151605,-0.11157023405393184,1.349754599828752,0.43607565469473686,1.2846707937054853,1.0080322575483707,-1.0040080320963853,-0.4424133870541522,-0.20400484821810827,0.32477078747330085
-0.12643977217242994,1.6085086043863737,1.0080481332151605,1.448170914799636,-0.26666201686771457,1.0628847161606174,-1.1787439593251672,1.0080322575483707,-1.0040080320963853,-1.3325811678472146,-1.2876744613643267,-1.4275895765912718
-0.12297566882524007,-0.0019171735451564745,1.0080481332151605,-1.2326341847924336,0.7075078012122397,-0.9902489555887054,-1.1787439593251672,-0.9920317455237934,-1.0040080320963853,0.44775439373891035,-1.0288876880756777,1.493011030183016
-0.11951156547805021,-0.3853518825764732,1.0080481332151605,1.25320327119294,1.374880246720407,2.0976118023267127,-1.1787439593251672,-0.9920317455237934,-1.0040080320963853,-0.4424133870541522,0.5400071249867582,0.9088909088281585
-0.11604746213086034,0.534891419098687,-0.9841418533760657,0.08339740955276413,1.0843925045870633,0.5539045244544887,-1.1787439593251672,-0.9920317455237934,0.9960079680956174,-1.3325811678472146,-0.4466174481762169,-1.4275895765912718
-0.11258335878367048,-0.4620388243827365,-0.9841418533760657,-0.6477312539723458,-0.4341663294787472,-0.6768785461982509,1.2846707937054853,-0.9920317455237934,-1.0040080320963853,-0.4424133870541522,1.1061031915556783,-1.4275895765912718
-0.10911925543648063,-0.0019171735451564745,1.0080481332151605,0.5220746076678301,-1.0014769882429555,-0.0889940623528177,0.052963417190159075,-0.9920317455237934,-1.0040080320963853,-0.4424133870541522,-1.0935843813978399,-0.25934933388155673
-0.10565515208929076,-0.07860411535141981,1.0080481332151605,-0.11157023405393184,1.1267093835624817,0.34842055056712684,0.052963417190159075,-0.9920317455237934,0.9960079680956174,0.44775439373891035,0.9605356315808131,-1.4275895765912718
-0.1021910487421009,0.534891419098687,1.0080481332151605,0.08339740955276413,-1.030569842538556,-0.378007082645649,1.2846707937054853,-0.9920317455237934,0.9960079680956174,-1.3325811678472146,-0.9803651680840558,-1.4275895765912718
-0.09872694539491104,0.38151753548616024,1.0080481332151605,-0.6964731648740198,-1.2095349765387646,-0.9082317471272262,0.052963417190159075,1.0080322575483707,-1.0040080320963853,-1.3325811678472146,0.5400071249867582,0.9088909088281585
-0.09526284204772117,0.8416391863237404,-0.9841418533760657,-1.3788599174974556,-0.9573969059768942,-1.282159665274185,-1.1787439593251672,1.0080322575483707,0.9960079680956174,1.337922174531973,-1.0935843813978399,-0.25934933388155673
-0.09179873870053132,1.3784477789675837,1.0080481332151605,0.912009894881222,-0.880256762011287,0.23446576553885054,0.052963417190159075,-0.9920317455237934,0.9960079680956174,1.337922174531973,-1.0612360347367586,-1.4275895765912718
-0.08833463535334146,-1.5356560096704233,-0.9841418533760657,-1.5250856502024777,-0.8934807866911056,-1.3727544542928876,0.052963417190159075,1.0080322575483707,-1.0040080320963853,0.44775439373891035,-0.8833201281008124,-0.8434694552364144
-0.08487053200615159,-0.0019171735451564745,1.0080481332151605,-1.1351503629890858,0.9565602660154854,-0.8525772128140797,0.052963417190159075,1.0080322575483707,-1.0040080320963853,1.337922174531973,0.8311422449364885,0.9088909088281585
-0.08140642865896174,-1.3055951842516333,-0.9841418533760657,-0.16031214495560583,-0.9922201709670826,-0.5151013873166672,1.2846707937054853,1.0080322575483707,0.9960079680956174,0.44775439373891035,0.7179230316227045,0.9088909088281585
-0.07794232531177188,0.07476976826110687,-0.9841418533760657,-0.16031214495560583,0.14636835396527964,-0.08120389739142266,-1.1787439593251672,-0.9920317455237934,-1.0040080320963853,-1.3325811678472146,0.20034948504540612,-0.8434694552364144
-0.07447822196458201,-0.76878659160779,1.0080481332151605,-1.1838922738907598,-0.2851756514194604,-1.0692477375995093,0.052963417190159075,1.0080322575483707,-1.0040080320963853,-0.4424133870541522,-1.2229777680421645,-1.4275895765912718
-0.07101411861739215,1.5318216625801104,-0.9841418533760657,0.5708165185695041,-0.21332511732578008,0.3828358615421305,-1.1787439593251672,1.0080322575483707,0.9960079680956174,1.337922174531973,-0.365746581523514,1.493011030183016
-0.0675500152702023,-0.76878659160779,-0.9841418533760657,-1.4276018283991296,1.4498163865727107,-1.141369756740079,-1.1787439593251672,-0.9920317455237934,0.9960079680956174,1.337922174531973,0.23269783170648725,1.493011030183016
-0.06408591192301243,-0.15529105715768315,-0.9841418533760657,-1.4276018283991296,-1.6212429449037769,-1.3608067349855189,0.052963417190159075,-0.9920317455237934,-1.0040080320963853,1.337922174531973,0.8311422449364885,-0.8434694552364144
-0.06062180857582257,-0.30866494077020984,-0.9841418533760657,-0.9401827193823897,1.6142350934251195,-0.5112378014598029,-1.1787439593251672,-0.9920317455237934,-1.0040080320963853,-1.3325811678472146,0.022433578409459785,-0.8434694552364144
-0.057157705228632706,0.764952244517477,-0.9841418533760657,1.6431385584063318,-1.501785921962751,0.2057250962911164,-1.1787439593251672,1.0080322575483707,-1.0040080320963853,-0.4424133870541522,0.7826197249448668,-0.8434694552364144
-0.05369360188144284,1.5318216625801104,1.0080481332151605,-1.1351503629890858,0.8807425245178601,-0.8634120514126775,-1.1787439593251672,1.0080322575483707,-1.0040080320963853,-0.4424133870541522,1.4781091781581115,1.493011030183016
-0.050229498534252986,-0.15529105715768315,-0.9841418533760657,-0.11157023405393184,0.1503355613692253,-0.03528706928001991,-1.1787439593251672,1.0080322575483707,-1.0040080320963853,-1.3325811678472146,-1.012713514745137,0.9088909088281585
-0.04676539518706312,-0.4620388243827365,-0.9841418533760657,-1.0864084520874118,-0.38082942993681274,-1.0056193080192743,-1.1787439593251672,1.0080322575483707,0.9960079680956174,0.44775439373891035,-0.8024492614481096,-0.25934933388155673
-0.04330129183987326,0.15145671006737021,-0.9841418533760657,0.42459078586448207,1.1324397942570703,0.9677806604964713,-1.1787439593251672,1.0080322575483707,0.9960079680956174,-1.3325811678472146,1.1061031915556783,0.32477078747330085
-0.039837188492683404,1.3017608371613203,-0.9841418533760657,-1.4276018283991296,-0.9468176862330394,-1.312616900520825,-1.1787439593251672,-0.9920317455237934,0.9960079680956174,-0.4424133870541522,-1.4979387146613543,0.9088909088281585
-0.03637308514549354,-0.07860411535141981,-0.9841418533760657,1.6431385584063318,0.8516496702222598,2.1395705547097523,-1.1787439593251672,1.0080322575483707,-1.0040080320963853,0.44775439373891035,-0.786275088117569,0.32477078747330085
-0.03290898179830368,-1.0755343588328432,-0.9841418533760657,0.5220746076678301,0.39321681465522246,0.6750300408421085,1.2846707937054853,1.0080322575483707,-1.0040080320963853,1.337922174531973,-1.4170678480086514,0.32477078747330085
-0.029444878451113817,0.534891419098687,1.0080481332151605,-0.7452150757756938,-0.8855463718832143,-0.859275494815926,1.2846707937054853,1.0080322575483707,-1.0040080320963853,-1.3325811678472146,-0.26870154154027054,1.493011030183016
-0.025980775103923957,0.534891419098687,1.0080481332151605,0.3758488749628081,-0.26093160617312616,0.19816065713385872,1.2846707937054853,-0.9920317455237934,0.9960079680956174,-1.3325811678472146,-0.5921850081510821,-0.25934933388155673
-0.022516671756734098,-0.6154127079952633,1.0080481332151605,-0.5502474321689977,1.5794118284349314,-0.026483762918659157,1.2846707937054853,-0.9920317455237934,-1.0040080320963853,1.337922174531973,-0.28487571487081115,1.493011030183016
-0.019052568409544234,0.995013069936267,1.0080481332151605,0.8632679839795481,-0.7493389176810848,0.2849653524179742,-1.1787439593251672,-0.9920317455237934,-1.0040080320963853,1.337922174531973,1.6398509114635174,-0.8434694552364144
-0.015588465062354374,0.38151753548616024,1.0080481332151605,1.7893642911113539,0.2490749456452023,1.7811704721125283,0.052963417190159075,-0.9920317455237934,-1.0040080320963853,-0.4424133870541522,1.1061031915556783,0.9088909088281585
-0.012124361715164513,-0.30866494077020984,1.0080481332151605,0.13213932045443813,1.6437687485433805,0.8625714380191949,0.052963417190159075,-0.9920317455237934,0.9960079680956174,-0.4424133870541522,-1.2068035947116238,0.9088909088281585
-0.008660258367974653,-0.0019171735451564745,1.0080481332151605,1.6918804693080058,-1.5211811581598178,0.21428692853642312,0.052963417190159075,-0.9920317455237934,0.9960079680956174,0.44775439373891035,0.10330444506216266,-0.8434694552364144
-0.0051961550207847915,-1.3055951842516333,1.0080481332151605,1.25320327119294,-1.5877420823815704,-0.054557753628591756,0.052963417190159075,-0.9920317455237934,-1.0040080320963853,-0.4424133870541522,0.2650461783675684,-0.25934933388155673
-0.0017320516735949306,-1.68902989328295,1.0080481332151605,-0.11157023405393184,0.10405147498986111,-0.05347636954365421,1.2846707937054853,1.0080322575483707,0.9960079680956174,-1.3325811678472146,0.5238329516562176,1.493011030183016
0.0017320516735949306,0.995013069936267,-0.9841418533760657,-0.7452150757756938,1.2020863242374469,-0.3620487932368614,-1.1787439593251672,-0.9920317455237934,-1.0040080320963853,-0.4424133870541522,0.5885296449783799,-1.4275895765912718
0.0051961550207847915,1.225073895355057,-0.9841418533760657,1.106977538487918,-0.729062079838697,0.4674252942833155,0.052963417190159075,-0.9920317455237934,-1.0040080320963853,1.337922174531973,1.5266316981497332,-1.4275895765912718
0.008660258367974653,1.455134720773847,-0.9841418533760657,-1.0376665411857378,-0.7497797185037457,-1.0290527961511255,-1.1787439593251672,1.0080322575483707,0.9960079680956174,0.44775439373891035,-0.705404221464866,-1.4275895765912718
0.012124361715164513,0.3048305936798969,1.0080481332151605,1.5943966475046578,-0.23933236586275639,1.2033334112698644,-1.1787439593251672,1.0080322575483707,-1.0040080320963853,1.337922174531973,-1.0935843813978399,0.9088909088281585
0.015588465062354374,-1.1522213006391067,-0.9841418533760657,-0.4040216994639758,-0.8705591439127536,-0.62997482387341,1.2846707937054853,1.0080322575483707,0.9960079680956174,-1.3325811678472146,-0.41426910151513574,0.32477078747330085
0.019052568409544234,0.4582044772924236,-0.9841418533760657,-0.014086412250583855,1.1289133876757853,0.4614041896938816,1.2846707937054853,1.0080322575483707,0.9960079680956174,0.44775439373891035,-0.8186234347786501,0.9088909088281585
0.022516671756734098,-0.6154127079952633,-0.9841418533760657,-0.16031214495560583,0.334590305241361,-0.009475586048767118,1.2846707937054853,-0.9920317455237934,0.9960079680956174,0.44775439373891035,1.5104575248191927,-0.8434694552364144
0.025980775103923957,1.455134720773847,1.0080481332151605,0.3758488749628081,-0.9688577273660701,-0.16435498431089465,1.2846707937054853,-0.9920317455237934,0.9960079680956174,0.44775439373891035,-0.478965794837298,1.493011030183016
0.029444878451113817,-0.4620388243827365,-0.9841418533760657,0.3758488749628081,1.2404359958089197,0.9669827460260321,-1.1787439593251672,-0.9920317455237934,-1.0040080320963853,-1.3325811678472146,-0.9803651680840558,0.32477078747330085
0.03290898179830368,-1.68902989328295,1.0080481332151605,-0.5502474321689977,-1.7561279966379242,-0.9798235730999383,0.052963417190159075,-0.9920317455237934,0.9960079680956174,-0.4424133870541522,1.0252323249029753,0.9088909088281585
0.03637308514549354,-0.76878659160779,1.0080481332151605,0.912009894881222,0.1966196477485895,0.9269820337579529,1.2846707937054853,-0.9920317455237934,0.9960079680956174,0.44775439373891035,-0.5113141414983792,-0.8434694552364144
0.039837188492683404,0.995013069936267,1.0080481332151605,0.7657841621762,0.3372351101773248,0.8775165860280167,-1.1787439593251672,-0.9920317455237934,-1.0040080320963853,0.44775439373891035,0.13565279172324382,-0.8434694552364144
0.04330129183987326,-0.30866494077020984,1.0080481332151605,-0.014086412250583855,-0.5818346050700521,-0.251653126701729,1.2846707937054853,-0.9920317455237934,0.9960079680956174,1.337922174531973,-0.7215783947954066,1.493011030183016
0.04676539518706312,0.38151753548616024,-0.9841418533760657,0.03465549865109014,0.7105934069708636,0.3381211545736923,0.052963417190159075,-0.9920317455237934,-1.0040080320963853,1.337922174531973,-1.5302870613224353,-0.8434694552364144
0.050229498534252986,-0.6154127079952633,1.0080481332151605,1.6918804693080058,-1.2681614859526262,0.4252093194723057,0.052963417190159075,1.0080322575483707,-1.0040080320963853,-0.4424133870541522,-1.320022808025408,-0.8434694552364144
0.05369360188144284,-1.45896906786416,-0.9841418533760657,0.7657841621762,-1.0794987338538842,0.017060319530647794,1.2846707937054853,1.0080322575483707,-1.0040080320963853,0.44775439373891035,-0.15548232822648653,1.493011030183016
0.057157705228632706,1.6085086043863737,-0.9841418533760657,0.13213932045443813,-0.023339962759055956,0.1081433062187637,-1.1787439593251672,1.0080322575483707,0.9960079680956174,-1.3325811678472146,-1.4008936746781109,-0.8434694552364144
0.06062180857582257,-1.3055951842516333,-0.9841418533760657,-0.11157023405393184,0.5906955832071771,0.13777113037113112,1.2846707937054853,1.0080322575483707,0.9960079680956174,-0.4424133870541522,-0.28487571487081115,0.32477078747330085
0.06408591192301243,0.534891419098687,1.0080481332151605,0.912009894881222,-1.0944859618243448,0.0966995328927254,-1.1787439593251672,-0.9920317455237934,-1.0040080320963853,1.337922174531973,0.814968071605948,0.9088909088281585
0.0675500152702023,0.4582044772924236,-0.9841418533760657,0.960751805782896,0.561161928088916,1.2107088706841231,0.052963417190159075,-0.9920317455237934,-1.0040080320963853,-0.4424133870541522,1.3648899648443276,-0.25934933388155673
0.07101411861739215,-1.5356560096704233,1.0080481332151605,-0.4040216994639758,1.0032851532175104,-0.027460158257486118,-1.1787439593251672,1.0080322575483707,0.9960079680956174,-0.4424133870541522,1.4134124848359493,0.32477078747330085
0.07447822196458201,-0.4620388243827365,1.0080481332151605,-1.6225694720058257,-0.3455653641239639,-1.4236529984072308,0.052963417190159075,-0.9920317455237934,-1.0040080320963853,0.44775439373891035,1.0899290182251378,1.493011030183016
0.07794232531177188,0.534891419098687,-0.9841418533760657,-0.3552797885623018,-1.4180337656572346,-0.7802819622424276,-1.1787439593251672,1.0080322575483707,0.9960079680956174,-0.4424133870541522,1.4781091781581115,0.32477078747330085
0.08140642865896174,0.9183261281300037,-0.9841418533760657,-1.1838922738907598,-1.244358241528953,-1.1948982689444891,-1.1787439593251672,1.0080322575483707,0.9960079680956174,-0.4424133870541522,-0.12313398156540539,-0.8434694552364144
0.08487053200615159,-0.76878659160779,1.0080481332151605,-1.3301180065957816,-0.615335467592259,-1.2183580042628677,1.2846707937054853,1.0080322575483707,-1.0040080320963853,0.44775439373891035,-1.0774102080672994,-0.8434694552364144
0.08833463535334146,-1.68902989328295,1.0080481332151605,0.2296231422577861,-0.33807175013873336,0.04289280051112265,0.052963417190159075,1.0080322575483707,0.9960079680956174,1.337922174531973,-1.1421069013894616,-0.8434694552364144
0.09179873870053132,-0.2319779989639465,-0.9841418533760657,1.49691282570131,-0.9908977684991007,0.5330852561007874,0.052963417190159075,-0.9920317455237934,0.9960079680956174,0.44775439373891035,-0.8671459547702718,0.9088909088281585
0.09526284204772117,0.15145671006737021,1.0080481332151605,0.3271069640611341,1.6071822802625497,1.0930322346062316,1.2846707937054853,1.0080322575483707,0.9960079680956174,-1.3325811678472146,0.3297428716897307,-0.8434694552364144
0.09872694539491104,-0.0019171735451564745,-0.9841418533760657,0.2296231422577861,-1.1777973173072005,-0.35711432216967043,0.052963417190159075,1.0080322575483707,-1.0040080320963853,-1.3325811678472146,1.5104575248191927,0.9088909088281585
0.1021910487421009,-1.0755343588328432,1.0080481332151605,-0.20905405585727982,-0.3534997789318552,-0.31010036166141347,0.052963417190159075,1.0080322575483707,-1.0040080320963853,1.337922174531973,0.8958389382586508,0.32477078747330085
0.10565515208929076,-1.6123429514766867,1.0080481332151605,1.350687092996288,0.6651909222368205,1.6831372304319008,0.052963417190159075,1.0080322575483707,0.9960079680956174,1.337922174531973,0.6047038183089205,1.493011030183016
0.10911925543648063,0.15145671006737021,1.0080481332151605,-0.5015055212673238,1.2660024435232358,-0.058368845112401,-1.1787439593251672,1.0080322575483707,-1.0040080320963853,1.337922174531973,0.11947861839270324,-0.25934933388155673
0.11258335878367048,-1.3055951842516333,1.0080481332151605,-1.3301180065957816,1.5913134506467677,-1.008128539051314,0.052963417190159075,1.0080322575483707,0.9960079680956174,0.44775439373891035,-1.578809581314057,-1.4275895765912718
0.11604746213086034,0.6115783609049503,1.0080481332151605,1.155719449389592,1.068964475793942,1.764692488410494,0.052963417190159075,-0.9920317455237934,0.9960079680956174,-1.3325811678472146,-0.5436624881594603,-0.25934933388155673
0.11951156547805021,-0.6154127079952633,-0.9841418533760657,-1.5250856502024777,-1.4431594125488894,-1.398938647572832,0.052963417190159075,1.0080322575483707,-1.0040080320963853,0.44775439373891035,0.8958389382586508,0.32477078747330085
0.12297566882524007,-1.0755343588328432,-0.9841418533760657,0.03465549865109014,-0.7114300469322722,-0.2715274963404362,-1.1787439593251672,1.0080322575483707,0.9960079680956174,1.337922174531973,0.20034948504540612,0.9088909088281585
0.12643977217242994,0.8416391863237404,-0.9841418533760657,-0.3065378776606278,0.8441560562370293,0.02670878529819769,-1.1787439593251672,-0.9920317455237934,-1.0040080320963853,1.337922174531973,-0.6730558748037849,-1.4275895765912718
0.1299038755196198,-1.0755343588328432,-0.9841418533760657,1.448170914799636,-0.7383188971145696,0.697786351561547,-1.1787439593251672,-0.9920317455237934,-1.0040080320963853,1.337922174531973,-1.0450618614062182,0.9088909088281585
0.13336797886680965,-0.6154127079952633,-0.9841418533760657,1.301945182094614,-1.2403910341250075,0.22561521424174003,-1.1787439593251672,1.0080322575483707,0.9960079680956174,-0.4424133870541522,-1.0450618614062182,0.9088909088281585
0.1368320822139995,0.38151753548616024,1.0080481332151605,1.350687092996288,0.4395009010345873,1.513811380704976,1.2846707937054853,1.0080322575483707,0.9960079680956174,-1.3325811678472146,-1.5302870613224353,0.9088909088281585
0.14029618556118936,-0.2319779989639465,-0.9841418533760657,0.8632679839795481,1.0310556050451287,1.4086966480991991,0.052963417190159075,1.0080322575483707,-1.0040080320963853,1.337922174531973,0.6370521649700016,-1.4275895765912718
0.14376028890837922,-0.8454735334140533,-0.9841418533760657,0.960751805782896,-1.0301290417158953,0.16843309367268658,1.2846707937054853,1.0080322575483707,0.9960079680956174,0.44775439373891035,0.8311422449364885,-0.25934933388155673
0.1472243922555691,-0.30866494077020984,-0.9841418533760657,1.49691282570131,0.9120393829267639,2.028765432064789,1.2846707937054853,-0.9920317455237934,0.9960079680956174,-1.3325811678472146,-1.5141128879918948,0.9088909088281585
0.15068849560275896,1.1483869535487936,1.0080481332151605,1.545654736602984,-0.6184210733508829,0.8610963461363434,1.2846707937054853,-0.9920317455237934,0.9960079680956174,-0.4424133870541522,0.8958389382586508,0.9088909088281585
0.15415259894994882,-0.15529105715768315,1.0080481332151605,-0.45276361036564977,0.32092547973888197,-0.2933021622837424,-1.1787439593251672,-0.9920317455237934,0.9960079680956174,0.44775439373891035,-1.4008936746781109,0.32477078747330085
0.15761670229713867,0.07476976826110687,1.0080481332151605,1.0094937166845699,-1.153553272060867,0.11646891378532201,0.052963417190159075,-0.9920317455237934,0.9960079680956174,0.44775439373891035,-0.09078563490432424,-1.4275895765912718
0.16108080564432853,0.07476976826110687,1.0080481332151605,0.619558429471178,0.1335851301081216,0.6212128095858944,0.052963417190159075,-0.9920317455237934,-1.0040080320963853,-0.4424133870541522,0.8958389382586508,-1.4275895765912718
0.16454490899151838,0.534891419098687,-0.9841418533760657,-0.20905405585727982,1.6957832456173332,0.44644329337314326,1.2846707937054853,1.0080322575483707,0.9960079680956174,1.337922174531973,0.4106137383424336,-0.25934933388155673
0.16800901233870827,-0.6154127079952633,1.0080481332151605,0.7657841621762,-0.06433443926649322,0.6336224793761489,-1.1787439593251672,1.0080322575483707,-1.0040080320963853,-1.3325811678472146,1.1384515382167595,-0.8434694552364144
0.17147311568589813,-0.07860411535141981,-0.9841418533760657,-0.5015055212673238,-1.3179719789132753,-0.8276738822366823,-1.1787439593251672,1.0080322575483707,-1.0040080320963853,1.337922174531973,1.3001932715221651,-1.4275895765912718
0.17493721903308798,0.15145671006737021,1.0080481332151605,-0.8914408084807157,0.706626199566918,-0.6331454840059454,-1.1787439593251672,1.0080322575483707,-1.0040080320963853,1.337922174531973,-1.546461234652976,-1.4275895765912718
0.17840132238027784,-1.0755343588328432,1.0080481332151605,-0.8426988975790417,-0.969298528188731,-0.9413661953996825,-1.1787439593251672,1.0080322575483707,0.9960079680956174,-0.4424133870541522,-0.1716565015570271,-0.8434694552364144
0.1818654257274677,-0.2319779989639465,1.0080481332151605,-0.5502474321689977,-0.19260747866073133,-0.5329494741554427,-1.1787439593251672,-0.9920317455237934,-1.0040080320963853,1.337922174531973,0.4106137383424336,-0.8434694552364144
0.18532952907465755,-1.45896906786416,-0.9841418533760657,-1.2326341847924336,0.31034625999502746,-1.0375463857114606,1.2846707937054853,1.0080322575483707,-1.0040080320963853,-0.4424133870541522,0.21652365837594667,1.493011030183016
0.18879363242184743,1.1483869535487936,-0.9841418533760657,-1.1838922738907598,0.17722441155152266,-1.0086744805310883,-1.1787439593251672,-0.9920317455237934,0.9960079680956174,0.44775439373891035,-0.8671459547702718,-0.8434694552364144
0.1922577357690373,1.455134720773847,1.0080481332151605,0.7657841621762,0.8415112513010655,1.1837897561814055,1.2846707937054853,-0.9920317455237934,0.9960079680956174,-0.4424133870541522,1.1384515382167595,0.9088909088281585
0.19572183911622715,1.455134720773847,1.0080481332151605,-0.7452150757756938,0.6034788070643351,-0.5046235104548448,0.052963417190159075,1.0080322575483707,-1.0040080320963853,0.44775439373891035,0.7826197249448668,0.32477078747330085
0.199185942463417,1.3784477789675837,-0.9841418533760657,1.350687092996288,0.9036641672962124,1.8620538021160147,-1.1787439593251672,1.0080322575483707,0.9960079680956174,1.337922174531973,-1.3523711546864892,-0.25934933388155673
0.20265004581060686,1.6851955461926371,1.0080481332151605,1.545654736602984,1.6984280505532963,2.7096961921506035,1.2846707937054853,-0.9920317455237934,-1.0040080320963853,0.44775439373891035,-1.1097585547283804,0.9088909088281585
0.20611414915779674,1.6851955461926371,1.0080481332151605,-0.8914408084807157,-1.2064493707801403,-1.0204489684073748,-1.1787439593251672,-0.9920317455237934,-1.0040080320963853,-0.4424133870541522,-1.5141128879918948,1.493011030183016
0.2095782525049866,0.8416391863237404,1.0080481332151605,1.6431385584063318,-1.5418987968248665,0.17276387944974242,0.052963417190159075,1.0080322575483707,-1.0040080320963853,0.44775439373891035,-0.28487571487081115,-1.4275895765912718
0.21304235585217646,-0.8454735334140533,-0.9841418533760657,-0.5989893430706718,0.8542944751582235,-0.28651988928500766,-1.1787439593251672,-0.9920317455237934,0.9960079680956174,-0.4424133870541522,-1.2068035947116238,-0.25934933388155673
0.2165064591993663,0.8416391863237404,1.0080481332151605,1.350687092996288,0.28874701968465766,1.4007070045201941,1.2846707937054853,1.0080322575483707,0.9960079680956174,1.337922174531973,-1.3523711546864892,0.9088909088281585
0.21997056254655617,-1.1522213006391067,-0.9841418533760657,0.3271069640611341,0.08024823056618775,0.32930209990041487,0.052963417190159075,1.0080322575483707,-1.0040080320963853,-0.4424133870541522,0.7179230316227045,-0.8434694552364144
0.22343466589374603,-0.2319779989639465,-0.9841418533760657,-0.014086412250583855,1.410144312533256,0.5786241247261926,-1.1787439593251672,1.0080322575483707,0.9960079680956174,-0.4424133870541522,0.7017488582921639,1.493011030183016
0.2268987692409359,-0.15529105715768315,-0.9841418533760657,-0.06282832315225785,1.5538453807206158,0.577401005834006,-1.1787439593251672,-0.9920317455237934,-1.0040080320963853,0.44775439373891035,-0.05843728824324309,1.493011030183016
0.23036287258812577,-1.0755343588328432,1.0080481332151605,-0.11157023405393184,-1.6666454296378201,-0.7493470282009852,0.052963417190159075,-0.9920317455237934,-1.0040080320963853,-0.4424133870541522,-1.2876744613643267,-0.8434694552364144
0.23382697593531562,-0.5387257661889999,1.0080481332151605,1.350687092996288,-0.6726395745381385,0.6794185704295248,1.2846707937054853,1.0080322575483707,0.9960079680956174,-0.4424133870541522,-0.899494301431353,0.32477078747330085
0.23729107928250548,1.0717000117425304,1.0080481332151605,-0.06282832315225785,0.3592751513103554,0.09371785250318863,0.052963417190159075,-0.9920317455237934,0.9960079680956174,0.44775439373891035,0.10330444506216266,-1.4275895765912718
0.24075518262969534,-0.0019171735451564745,1.0080481332151605,1.49691282570131,1.0724908823752268,2.154877913892655,1.2846707937054853,-0.9920317455237934,-1.0040080320963853,-1.3325811678472146,1.0252323249029753,-0.8434694552364144
0.2442192859768852,0.15145671006737021,-0.9841418533760657,0.3758488749628081,0.9133617853947458,0.7994941993560399,0.052963417190159075,-0.9920317455237934,-1.0040080320963853,0.44775439373891035,1.461935004827571,0.9088909088281585
0.24768338932407508,1.225073895355057,1.0080481332151605,1.7406223802096799,-1.5670244437165213,0.2000242073773192,-1.1787439593251672,1.0080322575483707,0.9960079680956174,-0.4424133870541522,0.3782653916813524,0.9088909088281585
0.2511474926712649,-0.9221604752203166,-0.9841418533760657,-0.9889246302840637,0.6435916819264507,-0.7464650871202535,1.2846707937054853,-0.9920317455237934,0.9960079680956174,-0.4424133870541522,-0.7701009147870284,-1.4275895765912718
0.2546115960184548,-1.3055951842516333,-0.9841418533760657,1.25320327119294,-0.9274224500359726,0.42512532847541745,-1.1787439593251672,1.0080322575483707,-1.0040080320963853,-1.3325811678472146,0.07095609840108151,-0.8434694552364144
0.2580756993656447,0.764952244517477,-0.9841418533760657,1.106977538487918,-1.5758404601697338,-0.11745651142335907,1.2846707937054853,-0.9920317455237934,0.9960079680956174,-0.4424133870541522,-1.2229777680421645,-0.25934933388155673
0.2615398027128345,0.15145671006737021,-0.9841418533760657,-1.4763437393008036,-1.4907659013962355,-1.3763450694098645,1.2846707937054853,1.0080322575483707,-1.0040080320963853,-1.3325811678472146,-0.05843728824324309,-1.4275895765912718
0.2650039060600244,-0.4620388243827365,1.0080481332151605,0.7657841621762,0.5664515379608435,1.016731663370466,1.2846707937054853,-0.9920317455237934,0.9960079680956174,0.44775439373891035,0.34591704502027126,0.32477078747330085
0.2684680094072142,-0.6920996498015266,-0.9841418533760657,-1.0376665411857378,1.1478678230501913,-0.7126692097473015,-1.1787439593251672,1.0080322575483707,-1.0040080320963853,-0.4424133870541522,-1.6111579279751382,-0.25934933388155673
0.2719321127544041,-1.6123429514766867,1.0080481332151605,-1.4276018283991296,-0.10003930590200294,-1.2521118861373757,1.2846707937054853,-0.9920317455237934,-1.0040080320963853,1.337922174531973,-1.3847195013475702,0.9088909088281585
0.2753962161015939,-1.5356560096704233,1.0080481332151605,0.8632679839795481,0.6911981707737967,1.1941888914836447,0.052963417190159075,-0.9920317455237934,-1.0040080320963853,1.337922174531973,-1.578809581314057,0.9088909088281585
0.2788603194487838,0.8416391863237404,1.0080481332151605,0.3271069640611341,-0.7788725727993463,-0.1004063390550229,1.2846707937054853,1.0080322575483707,-1.0040080320963853,1.337922174531973,1.6560250847940579,0.32477078747330085
0.2823244227959737,-1.6123429514766867,1.0080481332151605,0.912009894881222,-1.691771076529475,-0.2874017947523355,0.052963417190159075,-0.9920317455237934,-1.0040080320963853,-1.3325811678472146,-0.705404221464866,-0.8434694552364144
0.2857885261431635,-1.3055951842516333,-0.9841418533760657,-1.4276018283991296,-1.4828314865883445,-1.350916795101915,0.052963417190159075,1.0080322575483707,0.9960079680956174,-0.4424133870541522,0.6694005116310828,0.9088909088281585
0.2892526294903534,0.15145671006737021,1.0080481332151605,-0.20905405585727982,0.7793583353059192,0.10812230846954163,0.052963417190159075,1.0080322575483707,0.9960079680956174,0.44775439373891035,0.7502713782837857,0.9088909088281585
0.29271673283754324,0.995013069936267,1.0080481332151605,0.2783650531594601,-0.36892780772497635,0.06641552907716769,-1.1787439593251672,1.0080322575483707,0.9960079680956174,0.44775439373891035,0.6370521649700016,-1.4275895765912718
0.2961808361847331,-0.2319779989639465,1.0080481332151605,-0.5989893430706718,1.3427017866661823,-0.15274322899107956,1.2846707937054853,1.0080322575483707,0.9960079680956174,1.337922174531973,-1.4170678480086514,1.493011030183016
0.299644939531923,0.764952244517477,1.0080481332151605,0.3271069640611341,-0.952107296104967,-0.1870535512199726,0.052963417190159075,-0.9920317455237934,0.9960079680956174,0.44775439373891035,0.20034948504540612,-0.25934933388155673
0.30310904287911283,-1.0755343588328432,-0.9841418533760657,-0.16031214495560583,-0.7414045028731941,-0.41951963285771865,0.052963417190159075,-0.9920317455237934,0.9960079680956174,-0.4424133870541522,1.6398509114635174,1.493011030183016
0.3065731462263027,1.6085086043863737,-0.9841418533760657,1.399429003897962,0.4906337964632182,1.600631824301008,-1.1787439593251672,1.0080322575483707,-1.0040080320963853,0.44775439373891035,1.4134124848359493,0.32477078747330085
0.31003724957349255,-0.5387257661889999,1.0080481332151605,0.5708165185695041,-1.4823906857656841,-0.3274812485799976,1.2846707937054853,-0.9920317455237934,-1.0040080320963853,1.337922174531973,-1.5302870613224353,0.9088909088281585
0.31350135292068243,-0.0019171735451564745,1.0080481332151605,1.545654736602984,-1.7711152246083852,-0.058631316977677116,-1.1787439593251672,-0.9920317455237934,-1.0040080320963853,0.44775439373891035,-0.8186234347786501,-0.25934933388155673
0.31696545626787226,-1.3822821260578966,1.0080481332151605,1.49691282570131,-1.3285511986571301,0.26769470368280607,1.2846707937054853,1.0080322575483707,-1.0040080320963853,-1.3325811678472146,-0.1716565015570271,1.493011030183016
0.32042955961506214,-0.99884741702658,-0.9841418533760657,-0.9401827193823897,0.4712385602661513,-0.7290264563913087,-1.1787439593251672,-0.9920317455237934,0.9960079680956174,1.337922174531973,1.6560250847940579,-1.4275895765912718
0.323893662962252,-1.45896906786416,1.0080481332151605,-0.3552797885623018,-1.7927144649187552,-0.9052185701138564,1.2846707937054853,1.0080322575483707,0.9960079680956174,-0.4424133870541522,-0.478965794837298,-0.8434694552364144
0.32735776630944186,-0.07860411535141981,1.0080481332151605,0.619558429471178,0.364564761182283,0.7532466566943895,0.052963417190159075,-0.9920317455237934,-1.0040080320963853,-0.4424133870541522,1.2678449248610841,-0.8434694552364144
0.33082186965663174,-0.9221604752203166,1.0080481332151605,-1.5738275611041517,-0.0484656096507112,-1.374539262976765,-1.1787439593251672,-0.9920317455237934,0.9960079680956174,-1.3325811678472146,1.5589800448108144,-0.8434694552364144
0.33428597300382157,0.9183261281300037,1.0080481332151605,0.5708165185695041,0.020299318684344467,0.5135993448226889,0.052963417190159075,-0.9920317455237934,0.9960079680956174,-1.3325811678472146,-0.009914768251621365,-0.8434694552364144
0.33775007635101145,1.6085086043863737,1.0080481332151605,1.350687092996288,-0.03303758085758938,1.1592853828392276,0.052963417190159075,-0.9920317455237934,0.9960079680956174,-0.4424133870541522,1.6721992581245984,0.9088909088281585
0.34121417969820134,-0.5387257661889999,1.0080481332151605,-0.014086412250583855,-0.5937362272818891,-0.25661384495544765,0.052963417190159075,-0.9920317455237934,0.9960079680956174,0.44775439373891035,-0.3495724081929734,-0.25934933388155673
0.34467828304539117,0.995013069936267,-0.9841418533760657,-0.5989893430706718,0.7939047624537194,-0.3030608662347083,1.2846707937054853,-0.9920317455237934,0.9960079680956174,0.44775439373891035,-0.39809492818459513,0.32477078747330085
0.34814238639258105,-1.45896906786416,-0.9841418533760657,-0.4040216994639758,-0.40727747929644986,-0.48101154145460584,0.052963417190159075,-0.9920317455237934,-1.0040080320963853,0.44775439373891035,1.0899290182251378,1.493011030183016
0.3516064897397709,-0.76878659160779,-0.9841418533760657,-0.5989893430706718,0.42583607553210817,-0.40387630968726235,-1.1787439593251672,-0.9920317455237934,-1.0040080320963853,0.44775439373891035,1.6236767381329766,-0.8434694552364144
0.35507059308696076,0.764952244517477,-0.9841418533760657,0.3758488749628081,-0.8489599036023835,-0.10295756558550676,1.2846707937054853,-0.9920317455237934,-1.0040080320963853,0.44775439373891035,-0.13930815489594597,0.9088909088281585
0.3585346964341506,0.22814365187363356,-0.9841418533760657,0.8145260730778741,-1.6208021440811164,-0.2883886889657735,-1.1787439593251672,-0.9920317455237934,-1.0040080320963853,-0.4424133870541522,0.23269783170648725,-1.4275895765912718
0.3619987997813405,0.995013069936267,-0.9841418533760657,-0.5015055212673238,-1.3995201311054888,-0.8519525297747225,0.052963417190159075,-0.9920317455237934,0.9960079680956174,1.337922174531973,0.7179230316227045,-0.25934933388155673
0.36546290312853036,1.6085086043863737,1.0080481332151605,1.7406223802096799,1.263357638587272,2.5931954300291493,1.2846707937054853,1.0080322575483707,-1.0040080320963853,-0.4424133870541522,0.15182696505378437,0.32477078747330085
0.3689270064757202,-0.6154127079952633,-0.9841418533760657,-1.0864084520874118,-1.19190294363234,-1.1311858483673658,-1.1787439593251672,-0.9920317455237934,0.9960079680956174,-0.4424133870541522,-0.05843728824324309,-0.25934933388155673
0.37239110982291007,-0.76878659160779,-0.9841418533760657,1.350687092996288,0.20675806666978377,1.339194098174085,1.2846707937054853,1.0080322575483707,0.9960079680956174,0.44775439373891035,-0.7377525681259473,0.32477078747330085
0.3758552131700999,0.15145671006737021,1.0080481332151605,-0.06282832315225785,0.3482551307438401,0.08925583079349474,0.052963417190159075,-0.9920317455237934,0.9960079680956174,-1.3325811678472146,-0.28487571487081115,-0.8434694552364144
0.3793193165172898,-0.8454735334140533,1.0080481332151605,0.13213932045443813,0.17457960661555888,0.197709205525584,0.052963417190159075,1.0080322575483707,0.9960079680956174,-1.3325811678472146,0.6855746849616233,-0.8434694552364144
0.38278341986447967,1.225073895355057,-0.9841418533760657,0.3271069640611341,0.11771630049233957,0.3480425910811291,-1.1787439593251672,1.0080322575483707,0.9960079680956174,-1.3325811678472146,-0.9803651680840558,-0.25934933388155673
0.3862475232116695,1.5318216625801104,-0.9841418533760657,1.448170914799636,-1.1434148531396726,0.38421121411617726,-1.1787439593251672,1.0080322575483707,-1.0040080320963853,-1.3325811678472146,-1.7082029679583817,1.493011030183016
0.3897116265588594,1.6851955461926371,-0.9841418533760657,1.448170914799636,-0.7458125110998001,0.6919857233389448,-1.1787439593251672,1.0080322575483707,-1.0040080320963853,-1.3325811678472146,-0.6407075281427038,-0.25934933388155673
0.3931757299060492,1.225073895355057,-0.9841418533760657,1.058235627586244,-1.252292656336844,0.078321252886092,0.052963417190159075,-0.9920317455237934,-1.0040080320963853,0.44775439373891035,0.5885296449783799,-0.8434694552364144
0.3966398332532391,-0.4620388243827365,-0.9841418533760657,0.2296231422577861,1.2192775563212108,0.7847432805275228,-1.1787439593251672,1.0080322575483707,0.9960079680956174,-1.3325811678472146,0.5238329516562176,1.493011030183016
0.4001039366004289,-1.22890824244537,1.0080481332151605,1.0094937166845699,-1.050846680380944,0.18496357174777592,-1.1787439593251672,-0.9920317455237934,-1.0040080320963853,0.44775439373891035,1.3487157915137868,0.32477078747330085
0.4035680399476188,-0.4620388243827365,1.0080481332151605,-1.3301180065957816,1.5917542514694285,-1.0080865435528699,-1.1787439593251672,1.0080322575483707,0.9960079680956174,-1.3325811678472146,1.0575806715640566,-0.8434694552364144
0.4070321432948087,-0.76878659160779,1.0080481332151605,-0.5015055212673238,1.361215421217928,-0.030021883662581017,1.2846707937054853,-0.9920317455237934,-1.0040080320963853,-0.4424133870541522,1.5104575248191927,1.493011030183016
0.4104962466419985,-1.45896906786416,1.0080481332151605,1.6918804693080058,1.285838480542963,2.5542761018460074,1.2846707937054853,-0.9920317455237934,-1.0040080320963853,-0.4424133870541522,-0.9803651680840558,-1.4275895765912718
0.4139603499891884,0.764952244517477,-0.9841418533760657,0.717042251274526,-0.7400821004052123,0.18940459570824775,0.052963417190159075,1.0080322575483707,-1.0040080320963853,-0.4424133870541522,0.24887200503702783,-0.25934933388155673
0.41742445333637823,1.455134720773847,-0.9841418533760657,-0.6964731648740198,-0.2732740292076234,-0.6740858455517131,0.052963417190159075,-0.9920317455237934,0.9960079680956174,-0.4424133870541522,-1.0774102080672994,0.32477078747330085
0.4208885566835681,-0.76878659160779,-0.9841418533760657,0.717042251274526,1.1015837366708272,1.2860120488318394,-1.1787439593251672,-0.9920317455237934,0.9960079680956174,-1.3325811678472146,-0.009914768251621365,0.32477078747330085
0.424352660030758,1.1483869535487936,-0.9841418533760657,-1.6713113829074997,-1.1165260029573754,-1.4713336374532893,-1.1787439593251672,1.0080322575483707,0.9960079680956174,-1.3325811678472146,1.5589800448108144,-0.8434694552364144
0.42781676337794783,1.6851955461926371,-0.9841418533760657,0.8145260730778741,-0.6193026749962046,0.33180083205784355,0.052963417190159075,-0.9920317455237934,0.9960079680956174,-1.3325811678472146,-0.26870154154027054,-0.25934933388155673
0.4312808667251377,1.6851955461926371,-0.9841418533760657,-1.4276018283991296,0.46242254381293896,-1.2119221941262976,0.052963417190159075,1.0080322575483707,0.9960079680956174,-1.3325811678472146,1.5589800448108144,0.9088909088281585
0.43474497007232754,1.0717000117425304,1.0080481332151605,-0.8426988975790417,0.5042986219656973,-0.6254865549771884,0.052963417190159075,-0.9920317455237934,0.9960079680956174,-0.4424133870541522,-1.320022808025408,-1.4275895765912718
0.4382090734195174,0.38151753548616024,-0.9841418533760657,-0.6964731648740198,0.12212430871894607,-0.5752021950275911,1.2846707937054853,-0.9920317455237934,-1.0040080320963853,-1.3325811678472146,1.6075025648024361,1.493011030183016
0.44167317676670725,-0.30866494077020984,1.0080481332151605,0.2783650531594601,-1.4100993508493436,-0.4419504784642151,0.052963417190159075,-0.9920317455237934,-1.0040080320963853,1.337922174531973,0.6047038183089205,-1.4275895765912718
0.44513728011389714,-1.22890824244537,-0.9841418533760657,1.204461360291266,1.3404977825528792,2.0140565087347158,1.2846707937054853,1.0080322575483707,0.9960079680956174,1.337922174531973,0.18417531171486554,-1.4275895765912718
0.448601383461087,-1.0755343588328432,1.0080481332151605,0.08339740955276413,0.05908979107847817,0.10212745106663522,1.2846707937054853,-0.9920317455237934,-1.0040080320963853,-0.4424133870541522,0.394439565011893,-1.4275895765912718
0.45206548680827685,0.38151753548616024,-0.9841418533760657,0.5220746076678301,0.158269976177116,0.5463243369853145,0.052963417190159075,1.0080322575483707,-1.0040080320963853,-0.4424133870541522,0.21652365837594667,-0.8434694552364144
0.45552959015546673,-0.6920996498015266,-0.9841418533760657,1.6431385584063318,-1.1368028407997637,0.5056359484302116,1.2846707937054853,-0.9920317455237934,-1.0040080320963853,-0.4424133870541522,1.041406498233516,-0.8434694552364144
0.45899369350265656,-0.6920996498015266,1.0080481332151605,0.13213932045443813,1.29818090357746,0.7061802018130768,-1.1787439593251672,-0.9920317455237934,0.9960079680956174,-1.3325811678472146,-0.02608894158216194,-0.8434694552364144
0.46245779684984645,-0.6920996498015266,1.0080481332151605,0.912009894881222,1.0372268165623775,1.4675585886060198,1.2846707937054853,-0.9920317455237934,-1.0040080320963853,1.337922174531973,1.3648899648443276,-1.4275895765912718
0.46592190019703633,-0.6154127079952633,1.0080481332151605,-0.6477312539723458,0.4139344533202712,-0.45468036393010647,1.2846707937054853,-0.9920317455237934,-1.0040080320963853,0.44775439373891035,0.42678791167297414,-1.4275895765912718
0.46938600354422616,-0.8454735334140533,-0.9841418533760657,-1.5738275611041517,1.0138643729613654,-1.3365858312578394,1.2846707937054853,-0.9920317455237934,-1.0040080320963853,-0.4424133870541522,-0.786275088117569,1.493011030183016
0.47285010689141604,1.0717000117425304,-0.9841418533760657,1.399429003897962,1.1293541884984455,2.0874436422659164,-1.1787439593251672,1.0080322575483707,0.9960079680956174,1.337922174531973,0.9120131115891914,0.9088909088281585
0.4763142102386059,-1.45896906786416,1.0080481332151605,0.08339740955276413,-1.6212429449037769,-0.6382741842534406,1.2846707937054853,1.0080322575483707,-1.0040080320963853,0.44775439373891035,-1.4817645413308136,0.9088909088281585
0.47977831358579576,-0.3853518825764732,-0.9841418533760657,0.42459078586448207,1.551200575784652,1.1872071398673,0.052963417190159075,1.0080322575483707,0.9960079680956174,-1.3325811678472146,-0.02608894158216194,0.32477078747330085
0.4832424169329856,0.6115783609049503,-0.9841418533760657,-0.6964731648740198,1.1033469399614693,-0.3298119987436495,-1.1787439593251672,1.0080322575483707,0.9960079680956174,-0.4424133870541522,-0.13930815489594597,-0.8434694552364144
0.48670652028017547,-0.76878659160779,-0.9841418533760657,-0.8426988975790417,-1.6829550600762626,-1.094345297357211,0.052963417190159075,-0.9920317455237934,-1.0040080320963853,-1.3325811678472146,-0.39809492818459513,-0.25934933388155673
0.49017062362736535,-1.6123429514766867,-0.9841418533760657,-0.11157023405393184,-0.2825308464834966,-0.2054003346027729,1.2846707937054853,-0.9920317455237934,0.9960079680956174,1.337922174531973,0.03860775174000036,1.493011030183016
0.4936347269745552,-0.99884741702658,-0.9841418533760657,-0.25779596675895383,1.104228541606791,0.17229143009224537,1.2846707937054853,1.0080322575483707,0.9960079680956174,-1.3325811678472146,0.5400071249867582,1.493011030183016
0.49709883032174507,-0.8454735334140533,1.0080481332151605,-0.3065378776606278,0.5417666918918491,-0.07772352045786136,-1.1787439593251672,-0.9920317455237934,0.9960079680956174,0.44775439373891035,-0.009914768251621365,1.493011030183016
0.5005629336689349,-0.07860411535141981,1.0080481332151605,-0.7939569866773677,0.732192647281234,-0.5253010440012968,-1.1787439593251672,-0.9920317455237934,0.9960079680956174,0.44775439373891035,-0.9318426480924341,-0.25934933388155673
0.5040270370161247,-1.3822821260578966,-0.9841418533760657,0.668300340372852,0.20014605432987434,0.7042589077592558,0.052963417190159075,1.0080322575483707,0.9960079680956174,1.337922174531973,-0.4304432748456763,-0.25934933388155673
0.5074911403633147,1.1483869535487936,-0.9841418533760657,0.5708165185695041,-1.009852203873507,-0.06299359937856605,-1.1787439593251672,1.0080322575483707,-1.0040080320963853,1.337922174531973,0.7502713782837857,0.9088909088281585
0.5109552437105045,1.1483869535487936,1.0080481332151605,0.5220746076678301,1.364741827799213,1.2072389926251728,0.052963417190159075,1.0080322575483707,-1.0040080320963853,-1.3325811678472146,-0.4466174481762169,0.9088909088281585
0.5144193470576943,-0.30866494077020984,1.0080481332151605,0.717042251274526,0.006634493181865376,0.6340319354859797,1.2846707937054853,-0.9920317455237934,0.9960079680956174,-1.3325811678472146,1.1707998848778407,-0.25934933388155673
0.5178834504048843,0.38151753548616024,-0.9841418533760657,0.960751805782896,1.4379147643608745,1.7849710647217263,0.052963417190159075,1.0080322575483707,-1.0040080320963853,0.44775439373891035,0.16800113838432496,0.9088909088281585
0.5213475537520741,0.3048305936798969,1.0080481332151605,-1.6713113829074997,0.21998209134960203,-1.4554173435429458,1.2846707937054853,-0.9920317455237934,0.9960079680956174,-1.3325811678472146,-0.22017902154864882,0.32477078747330085
0.5248116570992639,0.07476976826110687,1.0080481332151605,0.13213932045443813,-1.28535271803639,-0.46296397599822053,1.2846707937054853,-0.9920317455237934,-1.0040080320963853,1.337922174531973,0.5561812983172988,-0.8434694552364144
0.5282757604464539,-0.0019171735451564745,-0.9841418533760657,-1.4763437393008036,-1.6190389407904737,-1.3839830006893994,0.052963417190159075,-0.9920317455237934,-1.0040080320963853,0.44775439373891035,0.6532263383005422,1.493011030183016
0.5317398637936437,-0.99884741702658,-0.9841418533760657,-1.2326341847924336,-0.743608506986497,-1.163060431686497,-1.1787439593251672,-0.9920317455237934,0.9960079680956174,-1.3325811678472146,0.5723554716478393,0.9088909088281585
0.5352039671408335,0.22814365187363356,1.0080481332151605,-0.8914408084807157,0.2367325226107051,-0.7282757868566191,0.052963417190159075,-0.9920317455237934,-1.0040080320963853,0.44775439373891035,1.3325416181832463,1.493011030183016
0.5386680704880233,1.5318216625801104,-0.9841418533760657,1.399429003897962,-0.22125953213367142,1.0580499844022313,-1.1787439593251672,1.0080322575483707,-1.0040080320963853,0.44775439373891035,-1.5626354079835165,0.9088909088281585
0.5421321738352133,-1.5356560096704233,1.0080481332151605,-0.5502474321689977,-1.0314514441838771,-0.7727017747732535,1.2846707937054853,1.0080322575483707,0.9960079680956174,0.44775439373891035,0.734097204953245,-1.4275895765912718
0.5455962771824031,0.6115783609049503,1.0080481332151605,-0.7452150757756938,0.8684001014833629,-0.44152527404246783,1.2846707937054853,-0.9920317455237934,-1.0040080320963853,-1.3325811678472146,1.6236767381329766,-0.8434694552364144
0.5490603805295929,-0.6154127079952633,1.0080481332151605,0.42459078586448207,0.27155578760089377,0.516686013958336,1.2846707937054853,-0.9920317455237934,-1.0040080320963853,-1.3325811678472146,-1.65968044796676,1.493011030183016
0.5525244838767829,0.9183261281300037,1.0080481332151605,0.619558429471178,1.341820185020861,1.3118707769988418,1.2846707937054853,-0.9920317455237934,-1.0040080320963853,-1.3325811678472146,-0.22017902154864882,0.9088909088281585
0.5559885872239727,0.764952244517477,-0.9841418533760657,0.5708165185695041,0.6219924416160809,0.850376995158467,0.052963417190159075,1.0080322575483707,-1.0040080320963853,0.44775439373891035,1.0899290182251378,-1.4275895765912718
0.5594526905711625,-1.22890824244537,1.0080481332151605,-0.25779596675895383,1.0314964058677896,0.14630671542991036,1.2846707937054853,1.0080322575483707,0.9960079680956174,-0.4424133870541522,-0.15548232822648653,-1.4275895765912718
0.5629167939183524,1.5318216625801104,-0.9841418533760657,-1.3788599174974556,-0.28958365964606625,-1.2264893826491219,1.2846707937054853,1.0080322575483707,0.9960079680956174,0.44775439373891035,-0.3495724081929734,-0.8434694552364144
0.5663808972655423,-0.0019171735451564745,-0.9841418533760657,0.717042251274526,-0.16880423423705862,0.5295681331060875,1.2846707937054853,1.0080322575483707,0.9960079680956174,0.44775439373891035,0.36209121835081187,1.493011030183016
0.5698450006127321,-0.9221604752203166,1.0080481332151605,-0.45276361036564977,0.5360362811972613,-0.22669730175127642,1.2846707937054853,-0.9920317455237934,0.9960079680956174,-1.3325811678472146,0.15182696505378437,-0.25934933388155673
0.573309103959922,-1.45896906786416,1.0080481332151605,0.8145260730778741,1.47758683840033,1.6303226417010415,0.052963417190159075,-0.9920317455237934,0.9960079680956174,-1.3325811678472146,-0.8509717814397313,-0.8434694552364144
0.5767732073071119,-1.6123429514766867,-0.9841418533760657,-0.5989893430706718,-0.36275659620772777,-0.6198749064975853,0.052963417190159075,-0.9920317455237934,0.9960079680956174,-0.4424133870541522,-1.3361969813559484,0.32477078747330085
0.5802373106543017,1.6851955461926371,-0.9841418533760657,0.5708165185695041,-0.5386361244493126,0.20075387916278672,1.2846707937054853,-0.9920317455237934,0.9960079680956174,1.337922174531973,-0.2363531948791894,-0.25934933388155673
0.5837014140014916,-1.6123429514766867,-0.9841418533760657,-0.5015055212673238,1.6799144160015511,0.0648616956347331,1.2846707937054853,1.0080322575483707,-1.0040080320963853,0.44775439373891035,1.3163674448527058,0.9088909088281585
0.5871655173486814,-1.5356560096704233,-0.9841418533760657,-0.4040216994639758,0.9133617853947458,-0.056374058936302464,1.2846707937054853,-0.9920317455237934,0.9960079680956174,1.337922174531973,-1.320022808025408,-0.25934933388155673
0.5906296206958713,1.0717000117425304,1.0080481332151605,-0.7939569866773677,1.0292924017544867,-0.4580767498667794,0.052963417190159075,-0.9920317455237934,-1.0040080320963853,-0.4424133870541522,-1.0450618614062182,-0.8434694552364144
0.5940937240430612,1.0717000117425304,1.0080481332151605,-1.6713113829074997,0.06526100259572677,-1.457259896037184,0.052963417190159075,-0.9920317455237934,-1.0040080320963853,-0.4424133870541522,0.394439565011893,1.493011030183016
0.597557827390251,0.15145671006737021,-0.9841418533760657,0.42459078586448207,-0.47956881421279035,0.12310420253950202,-1.1787439593251672,-0.9920317455237934,-1.0040080320963853,0.44775439373891035,1.3001932715221651,0.32477078747330085
0.6010219307374409,-0.0019171735451564745,1.0080481332151605,0.7657841621762,0.7189686226014151,1.109363234063711,-1.1787439593251672,1.0080322575483707,0.9960079680956174,-0.4424133870541522,-1.0774102080672994,0.9088909088281585
0.6044860340846308,-1.0755343588328432,1.0080481332151605,-0.5502474321689977,-0.0048263282073107774,-0.47927922714378357,1.2846707937054853,1.0080322575483707,-1.0040080320963853,-0.4424133870541522,-0.9965393414145964,0.32477078747330085
0.6079501374318206,1.1483869535487936,-0.9841418533760657,0.03465549865109014,-0.9917793701444221,-0.39171861288767296,1.2846707937054853,-0.9920317455237934,-1.0040080320963853,1.337922174531973,0.36209121835081187,-0.25934933388155673
0.6114142407790105,-0.99884741702658,-0.9841418533760657,-0.4040216994639758,1.2757000616217693,0.06013195262245746,-1.1787439593251672,-0.9920317455237934,0.9960079680956174,0.44775439373891035,0.34591704502027126,-0.8434694552364144
0.6148783441262003,0.6882653027112137,1.0080481332151605,1.204461360291266,0.35795274884237355,1.3119967634941743,0.052963417190159075,-0.9920317455237934,0.9960079680956174,1.337922174531973,0.16800113838432496,-1.4275895765912718
0.6183424474733902,-0.99884741702658,1.0080481332151605,1.448170914799636,1.376202649188389,2.3345871506099027,1.2846707937054853,-0.9920317455237934,0.9960079680956174,-1.3325811678472146,-1.6435062746362195,0.32477078747330085
0.62180655082058,1.3784477789675837,-0.9841418533760657,-1.5738275611041517,1.654347968287235,-1.3137035340430678,0.052963417190159075,1.0080322575483707,0.9960079680956174,1.337922174531973,-0.3819207548540546,0.9088909088281585
0.62527065416777,1.6851955461926371,-0.9841418533760657,0.42459078586448207,0.41040804673898634,0.589443215012874,-1.1787439593251672,-0.9920317455237934,0.9960079680956174,0.44775439373891035,0.29739452502864955,1.493011030183016
0.6287347575149598,-1.22890824244537,1.0080481332151605,-0.5015055212673238,-0.4403375409959958,-0.5663831403543138,0.052963417190159075,1.0080322575483707,0.9960079680956174,-0.4424133870541522,-0.8186234347786501,-1.4275895765912718
0.6321988608621496,0.995013069936267,-0.9841418533760657,-1.6713113829074997,0.6532893000249841,-1.4502571466716174,0.052963417190159075,1.0080322575483707,0.9960079680956174,1.337922174531973,-1.1744552480505428,-0.8434694552364144
0.6356629642093395,-1.68902989328295,-0.9841418533760657,-0.6964731648740198,-0.24065476833073826,-0.6659282199789317,1.2846707937054853,-0.9920317455237934,0.9960079680956174,-1.3325811678472146,1.2193224048694624,1.493011030183016
0.6391270675565294,1.5318216625801104,1.0080481332151605,1.155719449389592,-1.5859788790909277,-0.10073180416796522,-1.1787439593251672,-0.9920317455237934,0.9960079680956174,0.44775439373891035,0.394439565011893,1.493011030183016
0.6425911709037192,1.1483869535487936,1.0080481332151605,-0.20905405585727982,1.602774272035944,0.41210672395772224,0.052963417190159075,1.0080322575483707,-1.0040080320963853,-1.3325811678472146,1.2678449248610841,1.493011030183016
0.646055274250909,-0.6920996498015266,1.0080481332151605,-0.16031214495560583,-1.5189771540465147,-0.7158398698798369,-1.1787439593251672,1.0080322575483707,0.9960079680956174,0.44775439373891035,1.1546257115473,-0.8434694552364144
0.649519377598099,-1.0755343588328432,-0.9841418533760657,-1.2326341847924336,-0.2287531461189019,-1.1017470039579973,-1.1787439593251672,-0.9920317455237934,0.9960079680956174,-1.3325811678472146,0.03860775174000036,-1.4275895765912718
0.6529834809452888,0.07476976826110687,1.0080481332151605,1.5943966475046578,0.06570180341838762,1.4503509331185183,0.052963417190159075,-0.9920317455237934,-1.0040080320963853,-0.4424133870541522,-0.9156684747618935,0.9088909088281585
0.6564475842924786,-1.1522213006391067,-0.9841418533760657,0.5220746076678301,0.6916389715964576,0.8385080174106815,-1.1787439593251672,1.0080322575483707,-1.0040080320963853,-0.4424133870541522,0.394439565011893,-0.25934933388155673
0.6599116876396686,0.764952244517477,1.0080481332151605,0.960751805782896,-1.4228825747065013,-0.08881558148442988,0.052963417190159075,1.0080322575483707,-1.0040080320963853,1.337922174531973,-0.3495724081929734,0.9088909088281585
0.6633757909868584,-1.3055951842516333,-0.9841418533760657,-0.7939569866773677,1.7081256686518302,-0.3044782143071992,1.2846707937054853,1.0080322575483707,0.9960079680956174,1.337922174531973,1.3648899648443276,0.32477078747330085
0.6668398943340482,-0.07860411535141981,1.0080481332151605,0.2296231422577861,-1.2055677691348192,-0.3703429041795866,0.052963417190159075,-0.9920317455237934,-1.0040080320963853,1.337922174531973,-0.5760108348205415,-1.4275895765912718
0.6703039976812382,-0.15529105715768315,-0.9841418533760657,0.668300340372852,1.592195052292089,1.516567335290375,1.2846707937054853,-0.9920317455237934,-1.0040080320963853,1.337922174531973,0.620877991639461,-1.4275895765912718
0.673768101028428,-0.15529105715768315,-0.9841418533760657,-1.0864084520874118,0.9071905738774972,-0.8062141825317073,-1.1787439593251672,1.0080322575483707,-1.0040080320963853,0.44775439373891035,-1.0288876880756777,-1.4275895765912718
0.6772322043756178,-1.68902989328295,1.0080481332151605,0.960751805782896,0.5995115996603895,1.2358274281910469,0.052963417190159075,-0.9920317455237934,0.9960079680956174,-1.3325811678472146,1.5104575248191927,-1.4275895765912718
0.6806963077228076,-0.8454735334140533,-0.9841418533760657,0.5220746076678301,-0.2781228382568901,0.3072649620918326,-1.1787439593251672,-0.9920317455237934,0.9960079680956174,-0.4424133870541522,1.4134124848359493,0.9088909088281585
0.6841604110699976,-0.8454735334140533,-0.9841418533760657,-0.5989893430706718,-0.9723841339473552,-0.7868542577489415,1.2846707937054853,1.0080322575483707,0.9960079680956174,1.337922174531973,0.5238329516562176,0.9088909088281585
0.6876245144171874,1.3017608371613203,1.0080481332151605,0.08339740955276413,-0.9657721216074457,-0.3494553931409137,0.052963417190159075,-0.9920317455237934,0.9960079680956174,-1.3325811678472146,-1.6111579279751382,0.32477078747330085
0.6910886177643772,-1.45896906786416,1.0080481332151605,0.4733326967661561,1.183572689685701,1.0512834597154135,0.052963417190159075,-0.9920317455237934,0.9960079680956174,1.337922174531973,1.3325416181832463,-0.8434694552364144
0.6945527211115672,-1.3822821260578966,-0.9841418533760657,-0.06282832315225785,-0.5051352619271058,-0.2562831304051997,1.2846707937054853,-0.9920317455237934,-1.0040080320963853,0.44775439373891035,1.6398509114635174,0.32477078747330085
0.698016824458757,1.3784477789675837,1.0080481332151605,0.912009894881222,0.34693272827585825,1.0236451723018387,-1.1787439593251672,-0.9920317455237934,0.9960079680956174,-1.3325811678472146,-0.1878306748875677,-0.8434694552364144
0.7014809278059468,0.4582044772924236,-0.9841418533760657,-1.4276018283991296,0.6651909222368205,-1.1974337471630563,-1.1787439593251672,-0.9920317455237934,0.9960079680956174,-1.3325811678472146,-0.1716565015570271,0.9088909088281585
0.7049450311531367,-0.6920996498015266,-0.9841418533760657,-0.8426988975790417,0.18648122882739523,-0.6936137523282557,-1.1787439593251672,1.0080322575483707,-1.0040080320963853,0.44775439373891035,0.5238329516562176,0.32477078747330085
0.7084091345003266,-1.3822821260578966,-0.9841418533760657,-1.6225694720058257,-0.21332511732578008,-1.4205033360239177,0.052963417190159075,1.0080322575483707,0.9960079680956174,0.44775439373891035,-1.2715002880337862,0.32477078747330085
0.7118732378475164,1.5318216625801104,1.0080481332151605,0.3271069640611341,1.0962941267988997,0.8375001254480211,1.2846707937054853,-0.9920317455237934,-1.0040080320963853,0.44775439373891035,0.3782653916813524,0.32477078747330085
0.7153373411947063,-1.68902989328295,1.0080481332151605,-0.8426988975790417,-0.7700565563461339,-0.8986567734819537,0.052963417190159075,1.0080322575483707,0.9960079680956174,-1.3325811678472146,1.6075025648024361,-1.4275895765912718
0.7188014445418962,0.6882653027112137,-0.9841418533760657,0.8632679839795481,-1.6847182633669051,-0.30541786358488765,1.2846707937054853,-0.9920317455237934,-1.0040080320963853,0.44775439373891035,-1.6273321013056787,-0.8434694552364144
0.722265547889086,0.8416391863237404,1.0080481332151605,0.717042251274526,-0.833531874809262,0.13376056026971223,-1.1787439593251672,1.0080322575483707,0.9960079680956174,-0.4424133870541522,0.36209121835081187,-1.4275895765912718
0.7257296512362759,-1.0755343588328432,1.0080481332151605,1.6918804693080058,0.3870456031379738,1.805023915228821,0.052963417190159075,-0.9920317455237934,0.9960079680956174,-0.4424133870541522,0.7664455516143263,0.32477078747330085
0.7291937545834657,-0.99884741702658,1.0080481332151605,-0.9889246302840637,0.6537301008476449,-0.7446540312498483,-1.1787439593251672,1.0080322575483707,0.9960079680956174,-1.3325811678472146,-0.3172240615318923,0.32477078747330085
0.7326578579306556,0.9183261281300037,-0.9841418533760657,-0.6964731648740198,0.6898757683058149,-0.4332154147878261,1.2846707937054853,1.0080322575483707,-1.0040080320963853,-1.3325811678472146,1.0252323249029753,-0.25934933388155673
0.7361219612778455,0.8416391863237404,-0.9841418533760657,-1.5250856502024777,-1.193225346100322,-1.3870329237639079,-1.1787439593251672,-0.9920317455237934,-1.0040080320963853,0.44775439373891035,-0.6730558748037849,1.493011030183016
0.7395860646250353,-0.6154127079952633,-0.9841418533760657,-0.5989893430706718,0.8741305121779512,-0.2810867216737922,-1.1787439593251672,1.0080322575483707,0.9960079680956174,-0.4424133870541522,0.7017488582921639,0.32477078747330085
0.7430501679722252,-1.3055951842516333,-0.9841418533760657,1.5943966475046578,0.3059382517684216,1.6448950796611712,0.052963417190159075,1.0080322575483707,-1.0040080320963853,-0.4424133870541522,-0.13930815489594597,0.32477078747330085
0.7465142713194151,-1.22890824244537,1.0080481332151605,0.668300340372852,-0.6382571103706106,0.21502184975919628,-1.1787439593251672,-0.9920317455237934,-1.0040080320963853,-0.4424133870541522,-1.5949837546445977,-1.4275895765912718
0.7499783746666049,0.15145671006737021,1.0080481332151605,1.448170914799636,0.2940366295565846,1.4969081925811945,1.2846707937054853,-0.9920317455237934,-1.0040080320963853,-1.3325811678472146,0.15182696505378437,-0.25934933388155673
0.7534424780137948,0.3048305936798969,1.0080481332151605,-1.2326341847924336,-0.028188771808322667,-1.0778620642178711,0.052963417190159075,1.0080322575483707,-1.0040080320963853,-0.4424133870541522,0.9605356315808131,0.32477078747330085
0.7569065813609847,1.5318216625801104,1.0080481332151605,-1.5250856502024777,0.1952972452806076,-1.3208900137143278,-1.1787439593251672,1.0080322575483707,0.9960079680956174,1.337922174531973,-0.8186234347786501,0.32477078747330085
0.7603706847081745,-1.0755343588328432,1.0080481332151605,0.42459078586448207,0.7370414563305008,0.7605958689221206,-1.1787439593251672,1.0080322575483707,0.9960079680956174,1.337922174531973,-1.5626354079835165,1.493011030183016
0.7638347880553643,0.9183261281300037,-0.9841418533760657,-1.0864084520874118,-0.8661511356861474,-1.080754504173214,0.052963417190159075,1.0080322575483707,-1.0040080320963853,1.337922174531973,-0.6730558748037849,-0.8434694552364144
0.7672988914025543,0.8416391863237404,1.0080481332151605,-0.3552797885623018,1.2034087267054288,0.09383334012391026,1.2846707937054853,-0.9920317455237934,-1.0040080320963853,0.44775439373891035,-0.8833201281008124,-1.4275895765912718
0.7707629947497441,1.6085086043863737,-0.9841418533760657,-0.8426988975790417,0.021621721152326353,-0.7289529642690314,1.2846707937054853,-0.9920317455237934,0.9960079680956174,-1.3325811678472146,0.00625940507891921,0.32477078747330085
0.7742270980969339,1.225073895355057,1.0080481332151605,-0.6477312539723458,-1.6741390436230503,-1.001745223287799,0.052963417190159075,-0.9920317455237934,0.9960079680956174,1.337922174531973,-0.6892300481343255,1.493011030183016
0.7776912014441238,1.1483869535487936,-0.9841418533760657,-1.4276018283991296,1.3585706162819642,-1.1478895578735375,1.2846707937054853,-0.9920317455237934,-1.0040080320963853,-1.3325811678472146,0.8796647649281103,-0.8434694552364144
0.7811553047913137,0.6115783609049503,-0.9841418533760657,0.08339740955276413,-0.8639471315728445,-0.30458845249061517,-1.1787439593251672,-0.9920317455237934,0.9960079680956174,-1.3325811678472146,0.16800113838432496,-0.8434694552364144
0.7846194081385035,0.15145671006737021,1.0080481332151605,-0.6477312539723458,-1.7429039719581059,-1.0197612921203514,-1.1787439593251672,-0.9920317455237934,-1.0040080320963853,-0.4424133870541522,1.2840190981916246,-1.4275895765912718
0.7880835114856933,0.6882653027112137,-0.9841418533760657,-0.06282832315225785,-0.8158998419028376,-0.3821121426185672,-1.1787439593251672,-0.9920317455237934,-1.0040080320963853,-0.4424133870541522,0.08713027173162208,-0.8434694552364144
0.7915476148328833,-0.5387257661889999,-0.9841418533760657,1.5943966475046578,1.687848830809442,2.763970124452398,-1.1787439593251672,-0.9920317455237934,-1.0040080320963853,1.337922174531973,-1.1421069013894616,-0.8434694552364144
0.7950117181800731,-0.0019171735451564745,1.0080481332151605,0.4733326967661561,-1.2531742579821654,-0.25456656440629394,-1.1787439593251672,-0.9920317455237934,-1.0040080320963853,-1.3325811678472146,1.6560250847940579,1.493011030183016
0.7984758215272629,-1.3822821260578966,-0.9841418533760657,-1.4276018283991296,1.5044756885826271,-1.1374641753847705,-1.1787439593251672,1.0080322575483707,0.9960079680956174,-0.4424133870541522,0.21652365837594667,-0.25934933388155673
0.8019399248744529,1.6085086043863737,1.0080481332151605,0.13213932045443813,-0.6431059194198774,-0.1723236301406773,1.2846707937054853,-0.9920317455237934,0.9960079680956174,-1.3325811678472146,-1.6273321013056787,-1.4275895765912718
0.8054040282216427,-0.5387257661889999,-0.9841418533760657,-0.4040216994639758,0.8344584381384959,-0.08174458943389155,0.052963417190159075,-0.9920317455237934,0.9960079680956174,-0.4424133870541522,0.4591362583340553,0.9088909088281585
0.8088681315688325,-1.68902989328295,1.0080481332151605,-0.45276361036564977,-1.5793668667510186,-0.8816905921105059,1.2846707937054853,1.0080322575483707,0.9960079680956174,1.337922174531973,-0.28487571487081115,0.32477078747330085
0.8123322349160224,-0.15529105715768315,1.0080481332151605,-1.3788599174974556,1.1037877407841301,-1.1103350833898318,0.052963417190159075,-0.9920317455237934,-1.0040080320963853,-0.4424133870541522,-0.8509717814397313,-0.25934933388155673
0.8157963382632123,-0.07860411535141981,1.0080481332151605,-0.20905405585727982,-0.06653844337979617,-0.2041614673986696,0.052963417190159075,1.0080322575483707,-1.0040080320963853,1.337922174531973,-1.4817645413308136,0.32477078747330085
0.8192604416104021,0.22814365187363356,1.0080481332151605,1.25320327119294,-0.09430889520741456,1.0303329554290739,1.2846707937054853,1.0080322575483707,0.9960079680956174,0.44775439373891035,0.9443614582502725,-0.25934933388155673
0.822724544957592,1.455134720773847,-0.9841418533760657,-0.6964731648740198,-0.22478593871495622,-0.6619596453759568,1.2846707937054853,1.0080322575483707,0.9960079680956174,-1.3325811678472146,0.620877991639461,0.9088909088281585
0.8261886483047819,0.6115783609049503,-0.9841418533760657,-1.6225694720058257,-0.7823989793806311,-1.4340573831467758,1.2846707937054853,1.0080322575483707,0.9960079680956174,-0.4424133870541522,-1.5302870613224353,0.9088909088281585
0.8296527516519717,0.995013069936267,1.0080481332151605,-1.4763437393008036,1.5675102062230943,-1.1942420892812988,0.052963417190159075,1.0080322575483707,-1.0040080320963853,-0.4424133870541522,0.8634905915975697,0.9088909088281585
0.8331168549991615,-0.4620388243827365,-0.9841418533760657,-0.06282832315225785,0.31122786164034855,0.07426343784892331,1.2846707937054853,-0.9920317455237934,0.9960079680956174,-0.4424133870541522,0.7664455516143263,0.32477078747330085
0.8365809583463515,-1.3822821260578966,-0.9841418533760657,0.717042251274526,-1.6163941358545102,-0.33238947246066086,-1.1787439593251672,-0.9920317455237934,0.9960079680956174,-0.4424133870541522,1.688373431455139,-0.8434694552364144
0.8400450616935413,-1.45896906786416,-0.9841418533760657,-0.5989893430706718,-0.7017324288337388,-0.7127217041203566,-1.1787439593251672,-0.9920317455237934,-1.0040080320963853,0.44775439373891035,0.6532263383005422,-0.8434694552364144
0.8435091650407311,-0.4620388243827365,1.0080481332151605,-1.4276018283991296,1.5450293642674036,-1.134566485992122,1.2846707937054853,-0.9920317455237934,0.9960079680956174,-1.3325811678472146,-0.365746581523514,-0.8434694552364144
0.846973268387921,-0.8454735334140533,1.0080481332151605,0.8145260730778741,1.5481149700260275,1.6739979600829868,1.2846707937054853,1.0080322575483707,0.9960079680956174,-1.3325811678472146,1.6560250847940579,-1.4275895765912718
0.8504373717351109,0.6115783609049503,-0.9841418533760657,1.204461360291266,-1.5538004190367032,-0.054011812148817465,1.2846707937054853,-0.9920317455237934,-1.0040080320963853,1.337922174531973,0.7017488582921639,0.9088909088281585
0.8539014750823007,1.1483869535487936,-0.9841418533760657,-0.45276361036564977,-1.1760341140165582,-0.7568064786121322,1.2846707937054853,1.0080322575483707,0.9960079680956174,0.44775439373891035,-1.65968044796676,-0.25934933388155673
0.8573655784294906,-0.6920996498015266,1.0080481332151605,-0.3552797885623018,0.8609064874981324,-0.020373417895031123,0.052963417190159075,1.0080322575483707,-1.0040080320963853,-0.4424133870541522,1.2840190981916246,-1.4275895765912718
0.8608296817766805,0.07476976826110687,1.0080481332151605,-1.2326341847924336,-0.17321224246366448,-1.0951327129530393,-1.1787439593251672,1.0080322575483707,-1.0040080320963853,0.44775439373891035,-0.6892300481343255,0.9088909088281585
0.8642937851238703,-1.0755343588328432,-0.9841418533760657,-1.3788599174974556,-0.4235871097348927,-1.237660185235273,1.2846707937054853,1.0080322575483707,0.9960079680956174,0.44775439373891035,-0.5760108348205415,-0.25934933388155673
0.8677578884710602,-0.99884741702658,-0.9841418533760657,-0.20905405585727982,0.08553784043811531,-0.14801873541610958,-1.1787439593251672,1.0080322575483707,-1.0040080320963853,0.44775439373891035,-1.65968044796676,-0.25934933388155673
0.87122199181825,1.3784477789675837,-0.9841418533760657,1.0094937166845699,-0.7634445440062247,0.37663102664700315,0.052963417190159075,1.0080322575483707,0.9960079680956174,-1.3325811678472146,-0.5598366614900009,-0.25934933388155673
0.8746860951654399,-0.5387257661889999,-0.9841418533760657,-1.2813760956941076,-1.3043071534107962,-1.2569151212719285,1.2846707937054853,1.0080322575483707,-1.0040080320963853,1.337922174531973,1.6075025648024361,0.32477078747330085
0.8781501985126298,-0.99884741702658,1.0080481332151605,-0.4040216994639758,-0.3477693682372668,-0.46187734247597745,-1.1787439593251672,-0.9920317455237934,0.9960079680956174,0.44775439373891035,0.16800113838432496,0.9088909088281585
0.8816143018598196,1.0717000117425304,1.0080481332151605,-1.2326341847924336,-1.1606060852234366,-1.212720108596737,-1.1787439593251672,1.0080322575483707,0.9960079680956174,-0.4424133870541522,-1.2715002880337862,-1.4275895765912718
0.8850784052070095,0.6115783609049503,-0.9841418533760657,0.5708165185695041,-0.39140864968066785,0.28315954598487453,-1.1787439593251672,-0.9920317455237934,-1.0040080320963853,1.337922174531973,-0.9318426480924341,0.9088909088281585
0.8885425085541994,1.3784477789675837,1.0080481332151605,1.6431385584063318,-1.4638770512139383,0.23687525726208508,1.2846707937054853,1.0080322575483707,0.9960079680956174,1.337922174531973,-1.4979387146613543,-0.8434694552364144
0.8920066119013892,-0.76878659160779,1.0080481332151605,1.350687092996288,1.3184577414198486,2.1732561938992885,0.052963417190159075,1.0080322575483707,-1.0040080320963853,-0.4424133870541522,-0.8024492614481096,-0.8434694552364144
0.895470715248579,1.3784477789675837,-0.9841418533760657,-1.1838922738907598,-1.7600952040418698,-1.26245852706656,1.2846707937054853,-0.9920317455237934,-1.0040080320963853,1.337922174531973,-0.09078563490432424,-1.4275895765912718
0.898934818595769,0.764952244517477,-0.9841418533760657,-1.2813760956941076,-1.469607461908526,-1.2746319721780661,0.052963417190159075,1.0080322575483707,-1.0040080320963853,-1.3325811678472146,-0.15548232822648653,0.32477078747330085
0.9023989219429588,-1.5356560096704233,-0.9841418533760657,-1.4276018283991296,0.8282872266212473,-1.1857799963447968,0.052963417190159075,1.0080322575483707,-1.0040080320963853,-0.4424133870541522,1.2193224048694624,0.32477078747330085
0.9058630252901486,-0.8454735334140533,-0.9841418533760657,-0.8914408084807157,0.637861271231863,-0.6470669917401903,1.2846707937054853,1.0080322575483707,-1.0040080320963853,0.44775439373891035,-0.1878306748875677,-1.4275895765912718
0.9093271286373386,-0.07860411535141981,1.0080481332151605,-1.3788599174974556,1.6565519724005386,-1.0642555227219574,1.2846707937054853,1.0080322575483707,-1.0040080320963853,-1.3325811678472146,0.03860775174000036,-0.25934933388155673
0.9127912319845284,0.07476976826110687,-0.9841418533760657,-1.5250856502024777,-1.227167009445189,-1.3886497504540085,1.2846707937054853,1.0080322575483707,-1.0040080320963853,-1.3325811678472146,-1.2068035947116238,-0.25934933388155673
0.9162553353317182,1.455134720773847,-0.9841418533760657,-1.5738275611041517,-0.3041300867938664,-1.3836732838883736,0.052963417190159075,-0.9920317455237934,0.9960079680956174,-0.4424133870541522,-1.2553261147032455,1.493011030183016
0.9197194386789082,-1.5356560096704233,1.0080481332151605,-1.6713113829074997,0.06305699848242384,-1.4572861432237116,-1.1787439593251672,-0.9920317455237934,-1.0040080320963853,1.337922174531973,-0.8671459547702718,-0.8434694552364144
0.923183542026098,-1.1522213006391067,-0.9841418533760657,-1.5250856502024777,0.6325716613599354,-1.3000602464860158,1.2846707937054853,-0.9920317455237934,0.9960079680956174,1.337922174531973,0.15182696505378437,0.32477078747330085
0.9266476453732878,-0.07860411535141981,1.0080481332151605,-1.3301180065957816,-0.023780763581716793,-1.1620000453507815,-1.1787439593251672,-0.9920317455237934,-1.0040080320963853,-0.4424133870541522,-0.5274883148289198,1.493011030183016
0.9301117487204776,-0.3853518825764732,1.0080481332151605,-1.0864084520874118,0.12961792270417657,-0.926594278821943,-1.1787439593251672,-0.9920317455237934,-1.0040080320963853,1.337922174531973,-0.07461146157378366,0.32477078747330085
0.9335758520676676,-0.6154127079952633,-0.9841418533760657,-0.6477312539723458,-0.3623157953850676,-0.6580540640206484,-1.1787439593251672,-0.9920317455237934,0.9960079680956174,1.337922174531973,1.2031482315389217,1.493011030183016
0.9370399554148574,-1.3822821260578966,-0.9841418533760657,-1.2326341847924336,0.6215516407934201,-1.0004853583344737,-1.1787439593251672,-0.9920317455237934,-1.0040080320963853,-0.4424133870541522,0.9120131115891914,-1.4275895765912718
0.9405040587620472,-1.1522213006391067,-0.9841418533760657,-1.3788599174974556,-1.3505912397901607,-1.3149371518098658,-1.1787439593251672,-0.9920317455237934,-1.0040080320963853,-1.3325811678472146,0.928187284919732,0.9088909088281585
0.9439681621092372,-0.6154127079952633,-0.9841418533760657,-0.11157023405393184,0.03131933925085978,-0.08205955567222284,1.2846707937054853,1.0080322575483707,0.9960079680956174,-1.3325811678472146,-1.578809581314057,-0.8434694552364144
0.947432265456427,1.3784477789675837,-0.9841418533760657,1.6431385584063318,-1.2721286933565716,0.39443711798733455,1.2846707937054853,-0.9920317455237934,0.9960079680956174,1.337922174531973,0.281220351698109,0.9088909088281585
0.9508963688036168,1.3017608371613203,1.0080481332151605,-0.5502474321689977,1.6944608431493513,0.006398712363132196,1.2846707937054853,-0.9920317455237934,0.9960079680956174,-0.4424133870541522,1.0252323249029753,1.493011030183016
0.9543604721508067,-0.5387257661889999,1.0080481332151605,-0.8914408084807157,-1.0786171322085627,-0.9945692424911501,0.052963417190159075,1.0080322575483707,-1.0040080320963853,-1.3325811678472146,-1.239151941372705,-1.4275895765912718
0.9578245754979966,-1.3055951842516333,-0.9841418533760657,-1.4763437393008036,-0.8057614229816437,-1.335556941545957,1.2846707937054853,1.0080322575483707,-1.0040080320963853,-1.3325811678472146,-0.8347976081091907,-0.25934933388155673
0.9612886788451864,-0.76878659160779,-0.9841418533760657,-0.6964731648740198,-0.617098670882901,-0.7600716286161671,0.052963417190159075,-0.9920317455237934,0.9960079680956174,-1.3325811678472146,-0.9965393414145964,0.32477078747330085
0.9647527821923763,1.455134720773847,-0.9841418533760657,1.155719449389592,-1.0755315264499383,0.25792025141992375,0.052963417190159075,1.0080322575483707,-1.0040080320963853,-0.4424133870541522,0.7664455516143263,0.9088909088281585
0.9682168855395662,-1.68902989328295,1.0080481332151605,-0.11157023405393184,0.8291688282665683,0.2314893345866194,0.052963417190159075,1.0080322575483707,-1.0040080320963853,-0.4424133870541522,-0.9480168214229747,-0.25934933388155673
0.971680988886756,1.3784477789675837,-0.9841418533760657,-0.45276361036564977,0.894848150843,-0.11559821061720423,-1.1787439593251672,1.0080322575483707,0.9960079680956174,-0.4424133870541522,-1.6920287946278412,0.32477078747330085
0.9751450922339459,-0.76878659160779,-0.9841418533760657,1.6918804693080058,0.349577533211822,1.7737897632609638,-1.1787439593251672,-0.9920317455237934,0.9960079680956174,-1.3325811678472146,1.4457608314970303,0.9088909088281585
0.9786091955811357,1.6851955461926371,-0.9841418533760657,0.3758488749628081,0.9517114569662186,0.8191323443159986,-1.1787439593251672,1.0080322575483707,-1.0040080320963853,0.44775439373891035,0.8958389382586508,0.32477078747330085
0.9820732989283256,-1.6123429514766867,1.0080481332151605,0.960751805782896,-1.7596544032192092,-0.30939693706247345,-1.1787439593251672,1.0080322575483707,-1.0040080320963853,-1.3325811678472146,1.5104575248191927,-1.4275895765912718
0.9855374022755155,-0.6920996498015266,-0.9841418533760657,-0.5015055212673238,0.863992093256757,-0.1780560156783076,0.052963417190159075,-0.9920317455237934,0.9960079680956174,-1.3325811678472146,-1.320022808025408,-0.8434694552364144
0.9890015056227053,1.225073895355057,-0.9841418533760657,0.03465549865109014,1.7015136563119209,0.7629476168349943,0.052963417190159075,1.0080322575483707,-1.0040080320963853,1.337922174531973,1.0252323249029753,-0.8434694552364144
0.9924656089698952,-1.3822821260578966,1.0080481332151605,1.155719449389592,1.0385492190303593,1.743322029139713,1.2846707937054853,1.0080322575483707,0.9960079680956174,1.337922174531973,0.6532263383005422,1.493011030183016
0.995929712317085,-0.2319779989639465,-0.9841418533760657,0.619558429471178,0.656815706606269,0.9203047495053285,0.052963417190159075,1.0080322575483707,-1.0040080320963853,0.44775439373891035,-0.15548232822648653,-0.8434694552364144
0.9993938156642749,0.4582044772924236,1.0080481332151605,-0.45276361036564977,-1.0517282820262654,-0.7183176042880434,-1.1787439593251672,1.0080322575483707,0.9960079680956174,-0.4424133870541522,-1.4170678480086514,-0.25934933388155673
1.0028579190114648,0.995013069936267,-0.9841418533760657,-0.8914408084807157,-0.677929184410066,-0.9134496878089153,1.2846707937054853,-0.9920317455237934,-1.0040080320963853,-1.3325811678472146,-0.6892300481343255,0.32477078747330085
1.0063220223586546,1.0717000117425304,1.0080481332151605,0.619558429471178,0.3539855414384279,0.7471993049184277,0.052963417190159075,1.0080322575483707,-1.0040080320963853,0.44775439373891035,-1.0935843813978399,0.32477078747330085
1.0097861257058445,0.6882653027112137,-0.9841418533760657,-1.5738275611041517,-1.700587092982687,-1.4335639360400567,1.2846707937054853,-0.9920317455237934,0.9960079680956174,-0.4424133870541522,1.2678449248610841,-0.25934933388155673
1.0132502290530343,0.38151753548616024,1.0080481332151605,1.106977538487918,-0.4601735780157235,0.6531503861526917,1.2846707937054853,-0.9920317455237934,0.9960079680956174,0.44775439373891035,1.3163674448527058,0.32477078747330085
1.0167143324002241,0.07476976826110687,-0.9841418533760657,-0.3065378776606278,-1.1808829230658249,-0.6726527491673056,1.2846707937054853,1.0080322575483707,0.9960079680956174,-1.3325811678472146,1.5913283914718956,-0.8434694552364144
1.0201784357474142,-0.4620388243827365,1.0080481332151605,1.7406223802096799,-0.9428504788290941,0.7277816363253011,-1.1787439593251672,-0.9920317455237934,-1.0040080320963853,-0.4424133870541522,1.4457608314970303,-1.4275895765912718
1.023642539094604,-0.15529105715768315,1.0080481332151605,-0.3065378776606278,1.5084428959865728,0.2561249438614351,0.052963417190159075,-0.9920317455237934,-1.0040080320963853,-1.3325811678472146,-0.25252736820973,1.493011030183016
1.0271066424417938,1.1483869535487936,-0.9841418533760657,-0.45276361036564977,1.0464836338382506,-0.06864724335661347,1.2846707937054853,-0.9920317455237934,0.9960079680956174,0.44775439373891035,-0.6730558748037849,0.9088909088281585
1.0305707457889837,-0.2319779989639465,-0.9841418533760657,-1.0376665411857378,0.7207318258920579,-0.7838830762340159,1.2846707937054853,-0.9920317455237934,0.9960079680956174,-0.4424133870541522,1.5104575248191927,-1.4275895765912718
1.0340348491361735,-0.07860411535141981,1.0080481332151605,1.204461360291266,-0.22170033295633162,0.8978161600884712,0.052963417190159075,1.0080322575483707,-1.0040080320963853,0.44775439373891035,0.6694005116310828,0.32477078747330085
1.0374989524833633,1.5318216625801104,-0.9841418533760657,0.7657841621762,-1.4625546487459564,-0.21558949241279146,0.052963417190159075,1.0080322575483707,-1.0040080320963853,-0.4424133870541522,-0.8671459547702718,1.493011030183016
1.0409630558305532,-0.6920996498015266,1.0080481332151605,-0.7939569866773677,1.0297332025771475,-0.4579770105579744,1.2846707937054853,-0.9920317455237934,-1.0040080320963853,1.337922174531973,-0.6730558748037849,-0.25934933388155673
1.0444271591777432,-1.3055951842516333,1.0080481332151605,-0.4040216994639758,0.9252634076065822,-0.052547219140576786,1.2846707937054853,1.0080322575483707,0.9960079680956174,0.44775439373891035,0.6370521649700016,-0.25934933388155673
1.047891262524933,0.8416391863237404,-0.9841418533760657,0.912009894881222,-0.680133188523369,0.3631609705210332,-1.1787439593251672,1.0080322575483707,0.9960079680956174,1.337922174531973,-0.8509717814397313,0.9088909088281585
1.0513553658721229,-0.07860411535141981,-0.9841418533760657,-0.8914408084807157,1.3801698565923342,-0.4967861005577002,-1.1787439593251672,-0.9920317455237934,0.9960079680956174,-0.4424133870541522,-0.20400484821810827,-1.4275895765912718
1.0548194692193127,0.764952244517477,-0.9841418533760657,1.204461360291266,0.22350849793088684,1.2159320608031177,1.2846707937054853,1.0080322575483707,-1.0040080320963853,1.337922174531973,-0.6730558748037849,0.32477078747330085
1.0582835725665025,-1.3055951842516333,-0.9841418533760657,-1.5738275611041517,1.5013900828240025,-1.3191681982781165,-1.1787439593251672,-0.9920317455237934,-1.0040080320963853,1.337922174531973,-0.8186234347786501,-0.8434694552364144
1.0617476759136923,0.38151753548616024,1.0080481332151605,-0.25779596675895383,1.2545416221340597,0.22599317372773753,-1.1787439593251672,1.0080322575483707,-1.0040080320963853,1.337922174531973,0.23269783170648725,0.32477078747330085
1.0652117792608822,0.6882653027112137,-0.9841418533760657,1.204461360291266,0.9151249886853879,1.7101140887449793,0.052963417190159075,1.0080322575483707,0.9960079680956174,1.337922174531973,0.9120131115891914,0.32477078747330085
1.0686758826080722,-0.9221604752203166,-0.9841418533760657,-0.5989893430706718,0.5007722153844124,-0.3833510098226705,1.2846707937054853,-0.9920317455237934,0.9960079680956174,0.44775439373891035,-0.1716565015570271,1.493011030183016
1.072139985955262,-1.5356560096704233,1.0080481332151605,1.106977538487918,-1.585538078268267,-0.12415479342520554,1.2846707937054853,1.0080322575483707,0.9960079680956174,0.44775439373891035,-0.33339823486243286,-0.8434694552364144
1.0756040893024519,-0.5387257661889999,-0.9841418533760657,0.4733326967661561,-0.9886937643857978,-0.11283175715719403,1.2846707937054853,-0.9920317455237934,0.9960079680956174,1.337922174531973,1.4457608314970303,1.493011030183016
1.0790681926496417,-0.3853518825764732,-0.9841418533760657,1.399429003897962,-1.404809740977416,0.15598667782129338,-1.1787439593251672,-0.9920317455237934,-1.0040080320963853,-0.4424133870541522,-0.1878306748875677,0.9088909088281585
1.0825322959968315,1.225073895355057,1.0080481332151605,-0.06282832315225785,-1.1077099865041633,-0.5002664774912614,1.2846707937054853,1.0080322575483707,0.9960079680956174,-0.4424133870541522,-0.5436624881594603,0.32477078747330085
1.0859963993440214,0.07476976826110687,-0.9841418533760657,-0.45276361036564977,-0.6514811350504289,-0.5943888883792747,-1.1787439593251672,1.0080322575483707,-1.0040080320963853,1.337922174531973,0.5400071249867582,1.493011030183016
1.0894605026912112,-1.0755343588328432,1.0080481332151605,-0.3065378776606278,0.8084511896015196,0.014377857067525875,-1.1787439593251672,-0.9920317455237934,0.9960079680956174,-1.3325811678472146,0.6047038183089205,0.9088909088281585
1.0929246060384012,-1.45896906786416,-0.9841418533760657,0.668300340372852,0.8564984792715264,1.0872631030074629,0.052963417190159075,-0.9920317455237934,0.9960079680956174,-0.4424133870541522,-1.1097585547283804,0.32477078747330085
1.096388709385591,-1.3055951842516333,1.0080481332151605,-0.8426988975790417,-1.514128344997248,-1.0581556765729407,1.2846707937054853,1.0080322575483707,0.9960079680956174,-0.4424133870541522,-1.3685453280170297,0.9088909088281585
1.099852812732781,1.455134720773847,-0.9841418533760657,-1.6225694720058257,1.4044139018386683,-1.3819724662013844,1.2846707937054853,1.0080322575483707,0.9960079680956174,-1.3325811678472146,-1.6435062746362195,0.9088909088281585
1.1033169160799707,-1.6123429514766867,1.0080481332151605,1.7893642911113539,1.1156893629959665,2.5242388215838094,0.052963417190159075,-0.9920317455237934,-1.0040080320963853,-1.3325811678472146,1.6721992581245984,-1.4275895765912718
1.1067810194271606,-1.6123429514766867,1.0080481332151605,-0.5015055212673238,-1.1522308695928851,-0.7783291715647733,1.2846707937054853,1.0080322575483707,0.9960079680956174,1.337922174531973,-1.2553261147032455,0.9088909088281585
1.1102451227743504,-0.9221604752203166,1.0080481332151605,-0.3552797885623018,-1.8147545060517858,-0.9125677823415875,0.052963417190159075,-0.9920317455237934,0.9960079680956174,0.44775439373891035,0.394439565011893,0.32477078747330085
1.1137092261215402,0.6882653027112137,-0.9841418533760657,-1.4763437393008036,1.5309237379422636,-1.1964206057630904,0.052963417190159075,1.0080322575483707,-1.0040080320963853,-0.4424133870541522,0.00625940507891921,-0.8434694552364144
1.1171733294687303,0.07476976826110687,-0.9841418533760657,1.204461360291266,-0.12428335114833651,0.967423698759696,-1.1787439593251672,-0.9920317455237934,-1.0040080320963853,-0.4424133870541522,-1.5302870613224353,1.493011030183016
1.12063743281592,-0.8454735334140533,-0.9841418533760657,-0.06282832315225785,0.5849651725125893,0.18510005711771962,-1.1787439593251672,-0.9920317455237934,0.9960079680956174,1.337922174531973,1.6560250847940579,0.32477078747330085
1.12410153616311,1.5318216625801104,-0.9841418533760657,0.18088123135611212,0.1318219268174795,0.22254429341800958,-1.1787439593251672,-0.9920317455237934,-1.0040080320963853,1.337922174531973,-0.5760108348205415,0.9088909088281585
1.1275656395102998,-0.15529105715768315,1.0080481332151605,0.668300340372852,-0.8934807866911056,0.06609006396422537,1.2846707937054853,1.0080322575483707,0.9960079680956174,1.337922174531973,0.5561812983172988,1.493011030183016
1.1310297428574896,1.0717000117425304,-0.9841418533760657,-0.6964731648740198,0.09259065360068496,-0.5825881533164609,0.052963417190159075,1.0080322575483707,-1.0040080320963853,0.44775439373891035,1.6721992581245984,0.9088909088281585
1.1344938462046794,0.8416391863237404,1.0080481332151605,-0.3552797885623018,-1.0323330458291986,-0.6516707482571332,0.052963417190159075,1.0080322575483707,0.9960079680956174,-1.3325811678472146,0.9120131115891914,-0.8434694552364144
1.1379579495518692,1.1483869535487936,-0.9841418533760657,-0.4040216994639758,-1.087433148661775,-0.6997083490399671,-1.1787439593251672,1.0080322575483707,-1.0040080320963853,1.337922174531973,1.1061031915556783,-1.4275895765912718
1.1414220528990593,-0.15529105715768315,-0.9841418533760657,-0.5989893430706718,-1.3704272768098882,-0.8958798211473324,-1.1787439593251672,-0.9920317455237934,0.9960079680956174,0.44775439373891035,-1.6435062746362195,0.9088909088281585
1.1448861562462491,0.534891419098687,1.0080481332151605,-0.5989893430706718,1.280548870671036,-0.16976715417288804,1.2846707937054853,-0.9920317455237934,-1.0040080320963853,1.337922174531973,-0.9318426480924341,-0.25934933388155673
1.148350259593439,1.455134720773847,-0.9841418533760657,1.058235627586244,1.364301026976552,1.8544788640841459,1.2846707937054853,1.0080322575483707,-1.0040080320963853,1.337922174531973,-1.2876744613643267,-0.25934933388155673
1.1518143629406288,-0.07860411535141981,-0.9841418533760657,-1.2813760956941076,-0.20494990169522853,-1.139086251512177,0.052963417190159075,1.0080322575483707,-1.0040080320963853,0.44775439373891035,-0.46279162150675746,-0.8434694552364144
1.1552784662878186,-0.4620388243827365,-0.9841418533760657,-1.5738275611041517,-1.2972543402482266,-1.4191542306363982,-1.1787439593251672,-0.9920317455237934,-1.0040080320963853,-1.3325811678472146,1.235496578200003,-0.25934933388155673
1.1587425696350084,-0.0019171735451564745,-0.9841418533760657,1.5943966475046578,-1.3624928620019972,0.29379490596586266,0.052963417190159075,-0.9920317455237934,0.9960079680956174,0.44775439373891035,-0.8347976081091907,1.493011030183016
1.1622066729821983,0.15145671006737021,-0.9841418533760657,-1.1838922738907598,-1.7124887151945236,-1.2562221955475996,-1.1787439593251672,-0.9920317455237934,0.9960079680956174,-1.3325811678472146,-0.8509717814397313,0.32477078747330085
1.1656707763293883,-0.6154127079952633,1.0080481332151605,1.5943966475046578,-1.1764749148392186,0.4444327588851283,0.052963417190159075,-0.9920317455237934,0.9960079680956174,0.44775439373891035,-0.9965393414145964,-1.4275895765912718
1.1691348796765781,-0.6154127079952633,1.0080481332151605,0.2783650531594601,-0.7026140304790605,-0.09651125657432537,0.052963417190159075,1.0080322575483707,0.9960079680956174,0.44775439373891035,-0.5921850081510821,0.9088909088281585
1.172598983023768,-0.0019171735451564745,1.0080481332151605,-0.4040216994639758,0.08950504784206034,-0.32127641368487025,0.052963417190159075,1.0080322575483707,0.9960079680956174,1.337922174531973,0.3297428716897307,-1.4275895765912718
1.1760630863709578,1.225073895355057,-0.9841418533760657,-0.25779596675895383,-0.9957465775483674,-0.5779581496129902,-1.1787439593251672,1.0080322575483707,-1.0040080320963853,0.44775439373891035,-0.9156684747618935,-1.4275895765912718
1.1795271897181476,-0.8454735334140533,1.0080481332151605,-1.6713113829074997,-0.6845411967499748,-1.4661891888938774,1.2846707937054853,-0.9920317455237934,0.9960079680956174,-1.3325811678472146,-0.786275088117569,-0.8434694552364144
1.1829912930653375,1.5318216625801104,1.0080481332151605,-0.3065378776606278,0.06834660835435138,-0.24122249477565644,1.2846707937054853,1.0080322575483707,-1.0040080320963853,-1.3325811678472146,1.2678449248610841,0.9088909088281585
1.1864553964125275,-0.99884741702658,1.0080481332151605,0.668300340372852,0.25304215304914796,0.7351255991157266,1.2846707937054853,-0.9920317455237934,-1.0040080320963853,-0.4424133870541522,0.36209121835081187,-0.8434694552364144
1.1899194997597173,1.5318216625801104,1.0080481332151605,-0.9889246302840637,0.19088923705400174,-0.8273326688118232,1.2846707937054853,-0.9920317455237934,-1.0040080320963853,-1.3325811678472146,0.23269783170648725,-1.4275895765912718
1.1933836031069072,-0.15529105715768315,-0.9841418533760657,-1.3301180065957816,-0.06433443926649322,-1.1658636312076456,0.052963417190159075,-0.9920317455237934,0.9960079680956174,-1.3325811678472146,-0.9156684747618935,0.9088909088281585
1.196847706454097,1.0717000117425304,1.0080481332151605,-0.16031214495560583,-0.8718815463807355,-0.46924230301562514,-1.1787439593251672,1.0080322575483707,-1.0040080320963853,0.44775439373891035,1.494283351488652,0.32477078747330085
1.2003118098012868,-1.0755343588328432,1.0080481332151605,1.0094937166845699,-1.0671563108193869,0.17408673765073399,0.052963417190159075,-0.9920317455237934,0.9960079680956174,-1.3325811678472146,1.2516707515305434,-0.8434694552364144
1.2037759131484767,1.6085086043863737,1.0080481332151605,1.25320327119294,0.20631726584712293,1.2487200462134096,0.052963417190159075,1.0080322575483707,-1.0040080320963853,0.44775439373891035,1.6236767381329766,0.32477078747330085
1.2072400164956665,-1.3822821260578966,-0.9841418533760657,1.6918804693080058,0.7837663435325252,2.135738465476721,-1.1787439593251672,-0.9920317455237934,-1.0040080320963853,0.44775439373891035,-0.2363531948791894,1.493011030183016
1.2107041198428565,-0.6154127079952633,-0.9841418533760657,-0.6477312539723458,0.3376759109999857,-0.47465972231492404,0.052963417190159075,-0.9920317455237934,0.9960079680956174,-1.3325811678472146,0.8958389382586508,-0.25934933388155673
1.2141682231900464,0.6115783609049503,-0.9841418533760657,0.7657841621762,-1.3356040118196997,-0.13848575726928106,1.2846707937054853,-0.9920317455237934,-1.0040080320963853,-1.3325811678472146,-1.0288876880756777,0.32477078747330085
1.2176323265372362,1.455134720773847,1.0080481332151605,1.058235627586244,-1.129309226814533,0.16180305435581196,-1.1787439593251672,1.0080322575483707,0.9960079680956174,-0.4424133870541522,-1.4979387146613543,-1.4275895765912718
1.221096429884426,-1.45896906786416,1.0080481332151605,-0.7452150757756938,1.343142587488843,-0.3284523944815192,1.2846707937054853,1.0080322575483707,0.9960079680956174,1.337922174531973,0.08713027173162208,1.493011030183016
1.2245605332316158,1.1483869535487936,1.0080481332151605,0.717042251274526,-0.8132550369668741,0.14583426607241332,-1.1787439593251672,1.0080322575483707,-1.0040080320963853,-0.4424133870541522,0.34591704502027126,-0.25934933388155673
1.2280246365788057,-1.3055951842516333,1.0080481332151605,0.3271069640611341,1.0821885004737604,0.830444881709399,-1.1787439593251672,-0.9920317455237934,0.9960079680956174,-1.3325811678472146,1.688373431455139,0.32477078747330085
1.2314887399259955,-0.07860411535141981,1.0080481332151605,0.960751805782896,0.7797991361285801,1.3539135203787696,1.2846707937054853,1.0080322575483707,-1.0040080320963853,-1.3325811678472146,-0.15548232822648653,-0.8434694552364144
1.2349528432731856,0.38151753548616024,1.0080481332151605,-0.3065378776606278,0.7894967542271135,0.007831808747539772,1.2846707937054853,1.0080322575483707,-1.0040080320963853,1.337922174531973,1.5589800448108144,1.493011030183016
1.2384169466203754,1.3784477789675837,1.0080481332151605,-0.25779596675895383,-1.6221245465490979,-0.8017416619474024,1.2846707937054853,-0.9920317455237934,-1.0040080320963853,-1.3325811678472146,0.5561812983172988,0.9088909088281585
1.2418810499675652,-0.76878659160779,1.0080481332151605,-1.4763437393008036,-1.5833340741549642,-1.381856978580663,1.2846707937054853,-0.9920317455237934,0.9960079680956174,-1.3325811678472146,0.15182696505378437,-0.8434694552364144
1.245345153314755,-1.45896906786416,1.0080481332151605,-1.4276018283991296,0.4866665890592725,-1.2101898798154753,0.052963417190159075,-0.9920317455237934,-1.0040080320963853,-1.3325811678472146,0.9605356315808131,-0.8434694552364144
1.2488092566619449,0.07476976826110687,1.0080481332151605,-1.3301180065957816,0.03396414418682356,-1.156498635054594,0.052963417190159075,-0.9920317455237934,0.9960079680956174,-0.4424133870541522,0.6532263383005422,0.32477078747330085
1.2522733600091347,-0.6920996498015266,-0.9841418533760657,1.25320327119294,-0.8251566591787105,0.4994153652231679,1.2846707937054853,1.0080322575483707,0.9960079680956174,0.44775439373891035,1.5589800448108144,0.9088909088281585
1.2557374633563245,0.8416391863237404,1.0080481332151605,1.6918804693080058,-0.4028694710698434,1.146534499624114,-1.1787439593251672,-0.9920317455237934,-1.0040080320963853,1.337922174531973,-1.5302870613224353,-0.25934933388155673
1.2592015667035146,-0.76878659160779,1.0080481332151605,0.717042251274526,0.4275992788227503,0.8846925668246657,0.052963417190159075,-0.9920317455237934,0.9960079680956174,0.44775439373891035,-1.0774102080672994,-0.8434694552364144
1.2626656700507044,0.534891419098687,1.0080481332151605,-0.5989893430706718,1.3832554623509588,-0.14163541965259438,1.2846707937054853,-0.9920317455237934,-1.0040080320963853,-1.3325811678472146,0.7987938982754074,-1.4275895765912718
1.2661297733978942,0.07476976826110687,1.0080481332151605,-0.11157023405393184,-1.4246457779971438,-0.654242972536839,-1.1787439593251672,-0.9920317455237934,0.9960079680956174,1.337922174531973,-1.125932728058921,0.9088909088281585
1.269593876745084,-1.68902989328295,1.0080481332151605,-0.5989893430706718,1.473619630996384,-0.11688432275705707,-1.1787439593251672,-0.9920317455237934,0.9960079680956174,0.44775439373891035,1.5428058714802737,-1.4275895765912718
1.2730579800922739,-0.07860411535141981,-0.9841418533760657,1.301945182094614,1.1183341679319303,1.9671790335964028,1.2846707937054853,1.0080322575483707,0.9960079680956174,-1.3325811678472146,-0.786275088117569,-0.25934933388155673
1.2765220834394637,0.995013069936267,-0.9841418533760657,0.8632679839795481,-0.12384255032567568,0.6797597838543836,0.052963417190159075,-0.9920317455237934,-1.0040080320963853,-1.3325811678472146,-0.9803651680840558,-0.8434694552364144
1.2799861867866535,-1.3822821260578966,1.0080481332151605,0.2783650531594601,1.105110143252112,0.786134381413486,-1.1787439593251672,1.0080322575483707,0.9960079680956174,1.337922174531973,0.8634905915975697,1.493011030183016
1.2834502901338436,-0.5387257661889999,1.0080481332151605,-0.8914408084807157,-1.1059467832135206,-1.0001021494111706,1.2846707937054853,1.0080322575483707,0.9960079680956174,-0.4424133870541522,0.11947861839270324,1.493011030183016
1.2869143934810334,-0.9221604752203166,-0.9841418533760657,0.7657841621762,-0.5403993277399547,0.3444834725879852,-1.1787439593251672,1.0080322575483707,0.9960079680956174,1.337922174531973,0.8311422449364885,1.493011030183016
1.2903784968282233,1.6851955461926371,1.0080481332151605,-0.6477312539723458,0.7771543311926163,-0.3595185644555996,1.2846707937054853,1.0080322575483707,0.9960079680956174,-1.3325811678472146,0.8958389382586508,0.32477078747330085
1.293842600175413,-0.6920996498015266,-0.9841418533760657,-0.11157023405393184,0.5809979651086437,0.13396003888732214,0.052963417190159075,-0.9920317455237934,-1.0040080320963853,1.337922174531973,-1.6920287946278412,1.493011030183016
1.297306703522603,-1.68902989328295,-0.9841418533760657,1.5943966475046578,0.2962406336698882,1.6370419214521101,1.2846707937054853,1.0080322575483707,0.9960079680956174,-1.3325811678472146,1.1061031915556783,0.9088909088281585
1.3007708068697927,-1.1522213006391067,1.0080481332151605,-1.1838922738907598,0.21028447325106858,-1.0043436947540325,-1.1787439593251672,-0.9920317455237934,-1.0040080320963853,0.44775439373891035,-0.8024492614481096,-0.25934933388155673
1.3042349102169826,0.3048305936798969,-0.9841418533760657,0.912009894881222,0.9376058306410794,1.4034944557294267,1.2846707937054853,-0.9920317455237934,-1.0040080320963853,-0.4424133870541522,1.2193224048694624,0.9088909088281585
1.3076990135641726,0.15145671006737021,1.0080481332151605,-1.2326341847924336,-0.5545049540650946,-1.1405403456458065,0.052963417190159075,1.0080322575483707,-1.0040080320963853,0.44775439373891035,0.03860775174000036,-0.25934933388155673
1.3111631169113624,1.6085086043863737,-0.9841418533760657,1.301945182094614,-0.2891428588234054,0.9279689279713906,1.2846707937054853,-0.9920317455237934,-1.0040080320963853,-1.3325811678472146,0.42678791167297414,-0.25934933388155673
1.3146272202585523,-1.5356560096704233,1.0080481332151605,-0.6477312539723458,0.03837215241342943,-0.553075816784815,-1.1787439593251672,1.0080322575483707,-1.0040080320963853,-0.4424133870541522,0.022433578409459785,-0.8434694552364144
1.318091323605742,1.225073895355057,-0.9841418533760657,0.3758488749628081,0.7440942694930704,0.7128154905672571,-1.1787439593251672,-0.9920317455237934,0.9960079680956174,0.44775439373891035,1.073754844894597,1.493011030183016
1.321555426952932,0.4582044772924236,-0.9841418533760657,-0.3065378776606278,0.3830783957340288,-0.13252764592751337,-1.1787439593251672,-0.9920317455237934,-1.0040080320963853,1.337922174531973,0.9120131115891914,0.9088909088281585
1.3250195303001218,-1.3822821260578966,-0.9841418533760657,0.8145260730778741,1.246166406503508,1.4870130032602848,-1.1787439593251672,1.0080322575483707,0.9960079680956174,1.337922174531973,1.6075025648024361,0.32477078747330085
1.3284836336473116,-1.6123429514766867,1.0080481332151605,1.6918804693080058,0.13931554080271,1.598511051629577,1.2846707937054853,-0.9920317455237934,-1.0040080320963853,1.337922174531973,-0.33339823486243286,-1.4275895765912718
1.3319477369945016,-1.22890824244537,-0.9841418533760657,0.5220746076678301,-0.3336637419121275,0.2768392234690258,0.052963417190159075,-0.9920317455237934,-1.0040080320963853,0.44775439373891035,-1.239151941372705,-0.8434694552364144
1.3354118403416915,0.15145671006737021,-0.9841418533760657,-0.20905405585727982,1.655670370755217,0.43163463073426506,0.052963417190159075,1.0080322575483707,-1.0040080320963853,-0.4424133870541522,0.10330444506216266,0.32477078747330085
1.3388759436888813,0.38151753548616024,-0.9841418533760657,-1.1838922738907598,0.9724290956312674,-0.9045046466403054,-1.1787439593251672,-0.9920317455237934,0.9960079680956174,0.44775439373891035,1.0899290182251378,1.493011030183016
1.3423400470360711,0.8416391863237404,1.0080481332151605,0.7657841621762,0.8728081097099694,1.2027979686647008,-1.1787439593251672,1.0080322575483707,0.9960079680956174,-1.3325811678472146,1.5589800448108144,0.32477078747330085
1.345804150383261,1.0717000117425304,-0.9841418533760657,-0.5502474321689977,0.01985851786168363,-0.4722239834051618,-1.1787439593251672,-0.9920317455237934,-1.0040080320963853,1.337922174531973,-1.2553261147032455,-0.8434694552364144
1.3492682537304508,-0.6154127079952633,-0.9841418533760657,-1.6225694720058257,1.6446503501887015,-1.3762505795383653,-1.1787439593251672,1.0080322575483707,-1.0040080320963853,-0.4424133870541522,-1.5302870613224353,-0.25934933388155673
1.3527323570776408,-0.15529105715768315,1.0080481332151605,-1.2326341847924336,-0.11678973716310602,-1.0884134332019708,0.052963417190159075,1.0080322575483707,-1.0040080320963853,1.337922174531973,-1.6435062746362195,-0.25934933388155673
1.3561964604248307,-0.76878659160779,-0.9841418533760657,-0.7452150757756938,-1.5604124313766123,-1.0200132651110163,0.052963417190159075,1.0080322575483707,-1.0040080320963853,1.337922174531973,1.1222773648862188,1.493011030183016
1.3596605637720205,0.8416391863237404,1.0080481332151605,-0.014086412250583855,-1.380124894908422,-0.5843887103122549,0.052963417190159075,-0.9920317455237934,0.9960079680956174,1.337922174531973,-0.7215783947954066,-0.25934933388155673
1.3631246671192103,-1.3055951842516333,-0.9841418533760657,-0.6964731648740198,-0.2604908053504659,-0.6708889382326501,-1.1787439593251672,1.0080322575483707,0.9960079680956174,1.337922174531973,-0.6407075281427038,-1.4275895765912718
1.3665887704664001,-0.07860411535141981,-0.9841418533760657,-0.5502474321689977,0.8335768364931748,-0.2396529130213054,0.052963417190159075,-0.9920317455237934,-1.0040080320963853,1.337922174531973,1.1546257115473,0.32477078747330085
1.37005287381359,-0.30866494077020984,1.0080481332151605,-0.11157023405393184,0.7612855015768343,0.2048116941999554,-1.1787439593251672,-0.9920317455237934,-1.0040080320963853,-0.4424133870541522,-1.5626354079835165,-1.4275895765912718
1.3735169771607798,0.995013069936267,1.0080481332151605,-0.9889246302840637,-0.4941152413605905,-0.9496970524035463,1.2846707937054853,-0.9920317455237934,0.9960079680956174,-1.3325811678472146,0.9120131115891914,0.9088909088281585
1.3769810805079699,1.3784477789675837,-0.9841418533760657,1.7893642911113539,0.7485022777196763,2.209398569747809,0.052963417190159075,1.0080322575483707,0.9960079680956174,1.337922174531973,-0.6568817014732443,0.32477078747330085
1.3804451838551597,1.455134720773847,1.0080481332151605,0.668300340372852,0.28389821063539095,0.7531311690736678,1.2846707937054853,1.0080322575483707,0.9960079680956174,-1.3325811678472146,-0.6568817014732443,-1.4275895765912718
1.3839092872023495,0.15145671006737021,-0.9841418533760657,-0.3552797885623018,-0.6193026749962046,-0.5139465111094522,0.052963417190159075,-0.9920317455237934,0.9960079680956174,-1.3325811678472146,0.42678791167297414,0.32477078747330085
1.3873733905495393,-0.4620388243827365,-0.9841418533760657,-1.5738275611041517,0.8525312718675808,-1.3423497134193028,-1.1787439593251672,1.0080322575483707,0.9960079680956174,-1.3325811678472146,1.6236767381329766,0.32477078747330085
1.3908374938967292,0.6115783609049503,1.0080481332151605,-0.25779596675895383,-0.13133616431090617,-0.2691337529291181,0.052963417190159075,1.0080322575483707,0.9960079680956174,1.337922174531973,-1.2715002880337862,-0.25934933388155673
1.394301597243919,-1.3822821260578966,1.0080481332151605,-0.3552797885623018,-1.637111774519559,-0.853333131786075,1.2846707937054853,1.0080322575483707,0.9960079680956174,-0.4424133870541522,-0.15548232822648653,-0.25934933388155673
1.3977657005911088,-1.68902989328295,-0.9841418533760657,1.155719449389592,-1.2994583443615295,0.1005841164988119,1.2846707937054853,1.0080322575483707,-1.0040080320963853,-0.4424133870541522,1.2678449248610841,-1.4275895765912718
1.4012298039382989,-1.5356560096704233,-0.9841418533760657,1.7893642911113539,0.12080190625096418,1.6711842616872266,0.052963417190159075,1.0080322575483707,0.9960079680956174,1.337922174531973,-1.2068035947116238,-1.4275895765912718
1.4046939072854887,-0.0019171735451564745,-0.9841418533760657,-0.16031214495560583,-1.0936043601790237,-0.5537372458853108,0.052963417190159075,1.0080322575483707,0.9960079680956174,-1.3325811678472146,-1.5302870613224353,-0.8434694552364144
1.4081580106326785,-0.6154127079952633,-0.9841418533760657,0.717042251274526,0.8009575756162891,1.1070062367135316,1.2846707937054853,1.0080322575483707,0.9960079680956174,0.44775439373891035,-1.2068035947116238,-1.4275895765912718
1.4116221139798684,1.1483869535487936,1.0080481332151605,-1.2813760956941076,-1.2822671122777656,-1.2545528744844436,-1.1787439593251672,1.0080322575483707,-1.0040080320963853,-1.3325811678472146,0.5561812983172988,0.9088909088281585
1.4150862173270582,-0.5387257661889999,-0.9841418533760657,-0.45276361036564977,1.6869672291641207,0.12966599917140478,0.052963417190159075,-0.9920317455237934,0.9960079680956174,1.337922174531973,-0.8671459547702718,-0.25934933388155673
1.418550320674248,1.6851955461926371,-0.9841418533760657,-0.16031214495560583,1.2254487678384594,0.33001602337396596,1.2846707937054853,1.0080322575483707,0.9960079680956174,1.337922174531973,0.5076587783256771,-0.8434694552364144
1.4220144240214379,0.3048305936798969,1.0080481332151605,-0.6964731648740198,0.23452851849740217,-0.5470914582565196,0.052963417190159075,-0.9920317455237934,-1.0040080320963853,-0.4424133870541522,-1.4332420213391919,1.493011030183016
1.425478527368628,0.38151753548616024,1.0080481332151605,-0.9401827193823897,-0.00967513725657749,-0.8206606339965046,-1.1787439593251672,1.0080322575483707,-1.0040080320963853,1.337922174531973,-0.28487571487081115,1.493011030183016
1.4289426307158177,1.6085086043863737,-0.9841418533760657,-0.25779596675895383,0.14901315890124342,-0.16897448913975407,-1.1787439593251672,1.0080322575483707,0.9960079680956174,1.337922174531973,-0.05843728824324309,0.9088909088281585
1.4324067340630076,1.0717000117425304,1.0080481332151605,1.204461360291266,1.0345820116264142,1.7954699393327707,-1.1787439593251672,-0.9920317455237934,0.9960079680956174,-1.3325811678472146,-0.4304432748456763,1.493011030183016
1.4358708374101974,-1.3822821260578966,-0.9841418533760657,-1.2813760956941076,0.8238792183946414,-1.0288165714723772,-1.1787439593251672,-0.9920317455237934,0.9960079680956174,-0.4424133870541522,0.16800113838432496,-1.4275895765912718
1.4393349407573872,0.8416391863237404,1.0080481332151605,-0.7452150757756938,-1.0715643190459931,-0.9035807456745335,0.052963417190159075,-0.9920317455237934,0.9960079680956174,-1.3325811678472146,0.3782653916813524,1.493011030183016
1.442799044104577,-0.99884741702658,1.0080481332151605,-0.4040216994639758,1.0319372066904504,-0.018247395786294765,1.2846707937054853,1.0080322575483707,0.9960079680956174,1.337922174531973,0.16800113838432496,-0.8434694552364144
1.4462631474517669,-0.76878659160779,-0.9841418533760657,-1.1351503629890858,-0.44386394757728065,-1.0527067606498086,1.2846707937054853,-0.9920317455237934,-1.0040080320963853,1.337922174531973,0.24887200503702783,0.32477078747330085
1.449727250798957,-0.4620388243827365,-0.9841418533760657,-1.0376665411857378,-0.18908107207944652,-0.9355708166143859,1.2846707937054853,-0.9920317455237934,-1.0040080320963853,0.44775439373891035,1.2678449248610841,-0.25934933388155673
1.4531913541461468,-0.6154127079952633,1.0080481332151605,0.8632679839795481,0.8701633047740056,1.3071462834238718,-1.1787439593251672,-0.9920317455237934,-1.0040080320963853,-0.4424133870541522,-0.26870154154027054,-1.4275895765912718
1.4566554574933366,-1.68902989328295,1.0080481332151605,1.301945182094614,-0.6898308066219024,0.6321211403067697,1.2846707937054853,-0.9920317455237934,0.9960079680956174,0.44775439373891035,-1.578809581314057,0.32477078747330085
1.4601195608405264,-0.2319779989639465,1.0080481332151605,-1.3788599174974556,1.173434270764507,-1.104529205729924,0.052963417190159075,-0.9920317455237934,-1.0040080320963853,-0.4424133870541522,-0.365746581523514,-1.4275895765912718
1.4635836641877162,1.455134720773847,1.0080481332151605,1.155719449389592,-1.6873630683028689,-0.17196666840390187,0.052963417190159075,-0.9920317455237934,-1.0040080320963853,0.44775439373891035,1.0252323249029753,-0.25934933388155673
1.467047767534906,0.15145671006737021,-0.9841418533760657,1.0094937166845699,1.2342647842916719,1.7088962192900983,-1.1787439593251672,1.0080322575483707,-1.0040080320963853,-0.4424133870541522,1.3325416181832463,0.9088909088281585
1.470511870882096,0.6115783609049503,1.0080481332151605,0.8632679839795481,1.4308619511983047,1.6610423488129578,-1.1787439593251672,-0.9920317455237934,0.9960079680956174,-0.4424133870541522,-0.1878306748875677,-0.8434694552364144
1.473975974229286,-0.6154127079952633,1.0080481332151605,1.350687092996288,1.588227844888143,2.375653498651003,0.052963417190159075,1.0080322575483707,-1.0040080320963853,1.337922174531973,1.2193224048694624,-0.8434694552364144
1.4774400775764758,-0.6920996498015266,1.0080481332151605,1.399429003897962,1.393834682094813,2.2890220347979695,-1.1787439593251672,-0.9920317455237934,0.9960079680956174,0.44775439373891035,1.6398509114635174,-1.4275895765912718
1.4809041809236656,0.38151753548616024,-0.9841418533760657,1.49691282570131,-1.4409554084355862,0.17934667383086725,-1.1787439593251672,1.0080322575483707,0.9960079680956174,-0.4424133870541522,-0.1716565015570271,0.32477078747330085
1.4843682842708554,0.4582044772924236,-0.9841418533760657,1.7406223802096799,1.3819330598829769,2.693454433127318,-1.1787439593251672,1.0080322575483707,0.9960079680956174,0.44775439373891035,-0.042263114912702515,1.493011030183016
1.4878323876180453,-1.45896906786416,-0.9841418533760657,1.106977538487918,-0.32352532299093323,0.7475352689059813,0.052963417190159075,1.0080322575483707,-1.0040080320963853,-0.4424133870541522,1.1707998848778407,-0.8434694552364144
1.491296490965235,1.0717000117425304,1.0080481332151605,-1.1351503629890858,-1.3664600694059428,-1.1845516280153048,0.052963417190159075,-0.9920317455237934,0.9960079680956174,-1.3325811678472146,-0.3010498882013517,0.9088909088281585
1.4947605943124251,-0.2319779989639465,1.0080481332151605,-0.3552797885623018,1.296417700286818,0.12484701572493548,1.2846707937054853,-0.9920317455237934,0.9960079680956174,0.44775439373891035,-0.5921850081510821,0.32477078747330085
1.498224697659615,1.3784477789675837,1.0080481332151605,0.912009894881222,0.4117304492069682,1.0653152056330741,-1.1787439593251672,1.0080322575483707,-1.0040080320963853,-1.3325811678472146,-1.65968044796676,-1.4275895765912718
1.5016888010068048,1.6085086043863737,1.0080481332151605,-1.4276018283991296,0.9199737977346546,-1.1792286985875051,-1.1787439593251672,1.0080322575483707,-1.0040080320963853,1.337922174531973,-1.4494161946697326,0.9088909088281585
1.5051529043539946,-0.6154127079952633,1.0080481332151605,0.18088123135611212,0.5073842277243212,0.39697259620590175,-1.1787439593251672,1.0080322575483707,0.9960079680956174,-1.3325811678472146,-1.125932728058921,-0.8434694552364144
1.5086170077011845,0.534891419098687,1.0080481332151605,1.301945182094614,1.4048547026613285,2.178731357008948,1.2846707937054853,1.0080322575483707,-1.0040080320963853,0.44775439373891035,-0.1878306748875677,1.493011030183016
1.5120811110483743,-0.5387257661889999,-0.9841418533760657,0.2783650531594601,0.8803017236951999,0.6763686473550162,1.2846707937054853,-0.9920317455237934,0.9960079680956174,-1.3325811678472146,-1.4979387146613543,0.32477078747330085
1.515545214395564,-1.3055951842516333,1.0080481332151605,0.619558429471178,0.6422692794584688,0.9119896408133812,0.052963417190159075,1.0080322575483707,-1.0040080320963853,-0.4424133870541522,0.9928839782418942,-0.8434694552364144
1.5190093177427542,0.6882653027112137,1.0080481332151605,0.3758488749628081,0.07980742974352692,0.37264670373211195,0.052963417190159075,1.0080322575483707,-1.0040080320963853,0.44775439373891035,-1.6920287946278412,-0.8434694552364144
1.522473421089944,0.07476976826110687,-0.9841418533760657,-1.1838922738907598,-1.699264690514705,-1.2544898812367773,0.052963417190159075,-0.9920317455237934,-1.0040080320963853,-0.4424133870541522,-0.22017902154864882,1.493011030183016
1.5259375244371338,0.4582044772924236,1.0080481332151605,-0.20905405585727982,-1.7371735612635177,-0.8209178564244752,0.052963417190159075,-0.9920317455237934,0.9960079680956174,0.44775439373891035,-1.5141128879918948,0.32477078747330085
1.5294016277843236,1.455134720773847,1.0080481332151605,1.545654736602984,-1.673257441977729,0.01944881350466026,1.2846707937054853,-0.9920317455237934,0.9960079680956174,-0.4424133870541522,-1.4008936746781109,-0.8434694552364144
1.5328657311315135,0.4582044772924236,1.0080481332151605,-0.06282832315225785,1.3043521150947088,0.47638083432653633,1.2846707937054853,-0.9920317455237934,0.9960079680956174,1.337922174531973,-0.6245333548121632,0.9088909088281585
1.5363298344787033,-1.0755343588328432,-0.9841418533760657,1.49691282570131,1.4868436556762024,2.4805530043272537,-1.1787439593251672,1.0080322575483707,0.9960079680956174,-1.3325811678472146,-0.7377525681259473,-0.8434694552364144
1.5397939378258931,-0.0019171735451564745,-0.9841418533760657,-0.25779596675895383,0.3002078410738332,-0.11495777926593062,-1.1787439593251672,1.0080322575483707,0.9960079680956174,1.337922174531973,-1.125932728058921,0.32477078747330085
1.5432580411730832,-0.0019171735451564745,1.0080481332151605,-0.014086412250583855,1.4145523207598618,0.5804614277831254,0.052963417190159075,1.0080322575483707,-1.0040080320963853,1.337922174531973,-1.578809581314057,1.493011030183016
1.546722144520273,1.3784477789675837,1.0080481332151605,0.5708165185695041,-0.7550693283756732,0.07961261446325048,1.2846707937054853,-0.9920317455237934,0.9960079680956174,1.337922174531973,-0.8509717814397313,-1.4275895765912718
1.5501862478674628,0.07476976826110687,1.0080481332151605,1.350687092996288,0.22306769710822602,1.3514305365332573,-1.1787439593251672,-0.9920317455237934,-1.0040080320963853,-0.4424133870541522,-1.2068035947116238,-0.8434694552364144
1.5536503512146527,-0.5387257661889999,1.0080481332151605,-0.5502474321689977,0.9882979252470494,-0.1954316531595861,1.2846707937054853,-0.9920317455237934,-1.0040080320963853,0.44775439373891035,-0.1716565015570271,-1.4275895765912718
1.5571144545618425,-0.8454735334140533,-0.9841418533760657,-1.1838922738907598,-0.1502905996853128,-1.0515781316291215,-1.1787439593251672,1.0080322575483707,-1.0040080320963853,0.44775439373891035,0.7502713782837857,-0.8434694552364144
1.5605785579090323,-0.9221604752203166,1.0080481332151605,1.49691282570131,-1.3241431904305239,0.27115933230445066,1.2846707937054853,1.0080322575483707,-1.0040080320963853,1.337922174531973,0.8473164182670291,-1.4275895765912718
1.5640426612562222,-1.22890824244537,1.0080481332151605,0.717042251274526,-1.6318221646476316,-0.3415759877453247,0.052963417190159075,1.0080322575483707,-1.0040080320963853,-1.3325811678472146,1.1222773648862188,-1.4275895765912718
1.5675067646034122,1.1483869535487936,1.0080481332151605,0.7657841621762,-1.306070356701439,-0.12054842999631159,1.2846707937054853,1.0080322575483707,-1.0040080320963853,1.337922174531973,-0.8347976081091907,-1.4275895765912718
1.570970867950602,-0.07860411535141981,1.0080481332151605,1.058235627586244,-1.1394476457357274,0.15492104204827226,0.052963417190159075,-0.9920317455237934,-1.0040080320963853,0.44775439373891035,-0.1878306748875677,0.9088909088281585
1.5744349712977919,-0.30866494077020984,-0.9841418533760657,0.960751805782896,-0.8181038460161408,0.30730695759027676,-1.1787439593251672,1.0080322575483707,0.9960079680956174,0.44775439373891035,1.3001932715221651,-0.8434694552364144
1.5778990746449817,-1.22890824244537,1.0080481332151605,-1.0864084520874118,0.7515878834783009,-0.8303038503267488,0.052963417190159075,1.0080322575483707,-1.0040080320963853,0.44775439373891035,1.0575806715640566,-0.25934933388155673
1.5813631779921715,1.455134720773847,1.0080481332151605,-0.9889246302840637,-1.5683468461845034,-1.141590233106911,1.2846707937054853,1.0080322575483707,-1.0040080320963853,0.44775439373891035,-1.1906294213810833,0.32477078747330085
1.5848272813393613,-0.8454735334140533,-0.9841418533760657,-0.9889246302840637,-0.8507231068930259,-1.0133989741060583,-1.1787439593251672,-0.9920317455237934,0.9960079680956174,-0.4424133870541522,0.054781925070540936,-0.25934933388155673
1.5882913846865512,-0.07860411535141981,-0.9841418533760657,1.0094937166845699,-1.2628718760806987,0.043564728486229366,1.2846707937054853,-0.9920317455237934,0.9960079680956174,0.44775439373891035,-1.5302870613224353,0.32477078747330085
1.5917554880337412,-1.3822821260578966,-0.9841418533760657,1.545654736602984,1.6988688513759571,2.710047904450074,0.052963417190159075,-0.9920317455237934,-1.0040080320963853,-1.3325811678472146,-1.012713514745137,-1.4275895765912718
1.595219591380931,-0.2319779989639465,1.0080481332151605,1.6918804693080058,-0.9084680146615662,0.7250571783637348,1.2846707937054853,-0.9920317455237934,-1.0040080320963853,0.44775439373891035,0.7664455516143263,0.9088909088281585
1.5986836947281209,1.1483869535487936,1.0080481332151605,-1.6713113829074997,1.1364070016610153,-1.444503763384765,1.2846707937054853,-0.9920317455237934,-1.0040080320963853,-0.4424133870541522,1.4781091781581115,0.32477078747330085
1.6021477980753107,-1.68902989328295,1.0080481332151605,0.8632679839795481,-0.03391918250291106,0.7365167000016898,0.052963417190159075,1.0080322575483707,-1.0040080320963853,-1.3325811678472146,1.235496578200003,-0.8434694552364144
1.6056119014225005,-1.68902989328295,1.0080481332151605,1.106977538487918,-1.766707216381779,-0.249290879914244,-1.1787439593251672,-0.9920317455237934,0.9960079680956174,0.44775439373891035,0.7664455516143263,-0.25934933388155673
1.6090760047696904,-0.6920996498015266,-0.9841418533760657,-1.2813760956941076,-0.7392004987598912,-1.1963471136408133,-1.1787439593251672,-0.9920317455237934,0.9960079680956174,-0.4424133870541522,-1.6758546212973007,-0.8434694552364144
1.6125401081168802,1.455134720773847,1.0080481332151605,-0.7452150757756938,0.10008426758591545,-0.6245206585129723,0.052963417190159075,1.0080322575483707,0.9960079680956174,-1.3325811678472146,-0.4466174481762169,1.493011030183016
1.6160042114640703,0.22814365187363356,-0.9841418533760657,-0.6964731648740198,-1.3505912397901607,-0.9435079658203356,1.2846707937054853,1.0080322575483707,-1.0040080320963853,1.337922174531973,0.9443614582502725,0.32477078747330085
1.61946831481126,-0.2319779989639465,-0.9841418533760657,-1.5738275611041517,-1.8010896805493068,-1.437154551157034,-1.1787439593251672,1.0080322575483707,-1.0040080320963853,-0.4424133870541522,0.24887200503702783,0.32477078747330085
1.62293241815845,0.764952244517477,1.0080481332151605,-1.3788599174974556,0.07584022233958188,-1.1960268979651762,0.052963417190159075,-0.9920317455237934,0.9960079680956174,0.44775439373891035,0.21652365837594667,0.9088909088281585
1.6263965215056397,0.3048305936798969,-0.9841418533760657,1.0094937166845699,0.12961792270417657,0.9722111855823322,1.2846707937054853,-0.9920317455237934,-1.0040080320963853,-0.4424133870541522,-0.33339823486243286,0.32477078747330085
1.6298606248528296,1.455134720773847,1.0080481332151605,0.7657841621762,-1.7706744237857246,-0.402726682917353,1.2846707937054853,1.0080322575483707,-1.0040080320963853,0.44775439373891035,1.2193224048694624,0.32477078747330085
1.6333247282000194,-1.3055951842516333,-0.9841418533760657,0.8632679839795481,0.48842979234991524,1.0662076099750128,1.2846707937054853,-0.9920317455237934,0.9960079680956174,1.337922174531973,-1.4008936746781109,-1.4275895765912718
1.6367888315472092,-1.45896906786416,-0.9841418533760657,1.7406223802096799,0.02558892855627202,1.5466256133017955,0.052963417190159075,-0.9920317455237934,-1.0040080320963853,0.44775439373891035,-1.2229777680421645,1.493011030183016
1.6402529348943993,-1.68902989328295,1.0080481332151605,-0.5502474321689977,-0.8767303554300022,-0.7284805149115343,1.2846707937054853,-0.9920317455237934,-1.0040080320963853,-1.3325811678472146,0.620877991639461,-0.8434694552364144
1.643717038241589,-1.6123429514766867,-0.9841418533760657,-0.11157023405393184,0.28345740981273015,0.017028822906814692,0.052963417190159075,-0.9920317455237934,0.9960079680956174,-0.4424133870541522,-0.9803651680840558,-1.4275895765912718
1.647181141588779,-0.76878659160779,1.0080481332151605,-0.3065378776606278,-0.04097199566548071,-0.2789764478769723,-1.1787439593251672,1.0080322575483707,0.9960079680956174,-0.4424133870541522,-0.7539267414564877,0.9088909088281585
1.6506452449359688,0.764952244517477,-0.9841418533760657,1.155719449389592,-1.5308787762583511,-0.06201720403973885,0.052963417190159075,-0.9920317455237934,0.9960079680956174,-0.4424133870541522,-1.2876744613643267,-1.4275895765912718
1.6541093482831586,1.6085086043863737,-0.9841418533760657,-1.4276018283991296,0.9226186026706183,-1.1790397188445065,-1.1787439593251672,1.0080322575483707,-1.0040080320963853,-1.3325811678472146,-1.0288876880756777,-1.4275895765912718
1.6575734516303484,-1.3055951842516333,-0.9841418533760657,0.42459078586448207,-1.1160852021347147,-0.21042404610415752,-1.1787439593251672,-0.9920317455237934,0.9960079680956174,-0.4424133870541522,1.4134124848359493,0.32477078747330085
1.6610375549775385,-0.9221604752203166,-0.9841418533760657,1.301945182094614,1.6442095493660414,2.3554589133366592,-1.1787439593251672,1.0080322575483707,-1.0040080320963853,-0.4424133870541522,-0.365746581523514,-0.25934933388155673
1.6645016583247283,-1.5356560096704233,1.0080481332151605,0.5708165185695041,-0.023780763581716793,0.4889269894867345,-1.1787439593251672,-0.9920317455237934,0.9960079680956174,-1.3325811678472146,-0.46279162150675746,1.493011030183016
1.6679657616719181,1.6085086043863737,1.0080481332151605,0.4733326967661561,1.5128509042131786,1.2277432947405427,1.2846707937054853,1.0080322575483707,0.9960079680956174,1.337922174531973,1.3972383115054086,0.9088909088281585
1.671429865019108,-0.99884741702658,-0.9841418533760657,-1.2326341847924336,-1.5211811581598178,-1.255660505755909,0.052963417190159075,1.0080322575483707,-1.0040080320963853,0.44775439373891035,1.5913283914718956,0.32477078747330085
1.6748939683662978,1.3784477789675837,-0.9841418533760657,0.912009894881222,1.4872844564988632,1.756981065008682,-1.1787439593251672,1.0080322575483707,0.9960079680956174,-0.4424133870541522,1.3001932715221651,-1.4275895765912718
1.6783580717134876,0.22814365187363356,-0.9841418533760657,1.399429003897962,-0.27591883414358714,1.0163904499456071,1.2846707937054853,1.0080322575483707,0.9960079680956174,-1.3325811678472146,1.6398509114635174,-1.4275895765912718
1.6818221750606774,-0.5387257661889999,1.0080481332151605,1.350687092996288,-0.7114300469322722,0.6503156900077098,-1.1787439593251672,-0.9920317455237934,0.9960079680956174,0.44775439373891035,-0.6083591814816226,0.32477078747330085
1.6852862784078675,-1.22890824244537,1.0080481332151605,-0.06282832315225785,-0.6435467202425382,-0.312326123078955,1.2846707937054853,-0.9920317455237934,-1.0040080320963853,0.44775439373891035,0.5400071249867582,0.9088909088281585
1.6887503817550573,1.6851955461926371,1.0080481332151605,-0.014086412250583855,-0.4830952207940752,-0.21049753822643502,0.052963417190159075,-0.9920317455237934,-1.0040080320963853,-1.3325811678472146,-1.4979387146613543,-0.8434694552364144
1.6922144851022471,1.455134720773847,1.0080481332151605,-1.6225694720058257,0.702218191340312,-1.3986971734567784,-1.1787439593251672,-0.9920317455237934,0.9960079680956174,1.337922174531973,0.16800113838432496,-0.8434694552364144
1.695678588449437,0.6115783609049503,1.0080481332151605,-0.5989893430706718,-0.31911731476432736,-0.6079219377529111,0.052963417190159075,-0.9920317455237934,-1.0040080320963853,-1.3325811678472146,0.6532263383005422,0.32477078747330085
1.6991426917966268,-1.68902989328295,1.0080481332151605,0.18088123135611212,1.2726144558631447,0.752380499538978,0.052963417190159075,-0.9920317455237934,0.9960079680956174,1.337922174531973,-1.6920287946278412,-0.8434694552364144
1.7026067951438166,-0.07860411535141981,1.0080481332151605,0.5708165185695041,1.6402423419620957,1.4203084034190143,-1.1787439593251672,-0.9920317455237934,-1.0040080320963853,1.337922174531973,1.0252323249029753,1.493011030183016
1.7060708984910065,-0.6920996498015266,1.0080481332151605,-0.4040216994639758,-0.23139795105486505,-0.42445935336221496,-1.1787439593251672,1.0080322575483707,-1.0040080320963853,-0.4424133870541522,0.814968071605948,0.9088909088281585
1.7095350018381965,1.5318216625801104,-0.9841418533760657,1.155719449389592,-1.2024821633761948,0.16872181272449016,-1.1787439593251672,-0.9920317455237934,-1.0040080320963853,0.44775439373891035,0.8796647649281103,-0.25934933388155673
1.7129991051853863,-0.2319779989639465,1.0080481332151605,0.4733326967661561,-1.49385150715486,-0.38354523900297477,1.2846707937054853,-0.9920317455237934,-1.0040080320963853,-0.4424133870541522,-0.12313398156540539,0.9088909088281585
1.7164632085325762,-0.76878659160779,-0.9841418533760657,-0.16031214495560583,-0.276359634966248,-0.2422986294232886,0.052963417190159075,1.0080322575483707,0.9960079680956174,0.44775439373891035,1.1384515382167595,1.493011030183016
1.719927311879766,1.455134720773847,1.0080481332151605,0.668300340372852,0.6740069386900328,0.9807730178276387,0.052963417190159075,-0.9920317455237934,-1.0040080320963853,-1.3325811678472146,-0.4466174481762169,1.493011030183016
1.7233914152269558,0.9183261281300037,-0.9841418533760657,0.912009894881222,0.1644411876943646,0.9062887518995842,0.052963417190159075,-0.9920317455237934,0.9960079680956174,-1.3325811678472146,-1.6435062746362195,-0.8434694552364144
1.7268555185741457,-0.0019171735451564745,1.0080481332151605,-0.8426988975790417,-0.7656485481195278,-0.8977118747669597,-1.1787439593251672,-0.9920317455237934,-1.0040080320963853,-1.3325811678472146,-0.9318426480924341,0.9088909088281585
1.7303196219213355,-0.5387257661889999,-0.9841418533760657,0.3758488749628081,1.4903700622574871,1.094969276971969,-1.1787439593251672,-0.9920317455237934,-1.0040080320963853,0.44775439373891035,-0.8186234347786501,-1.4275895765912718
